_id,description,items[0].item,items[1].item,items[2].item,items[3].item,items[4].item,items[5].item,items[6].item,items[7].item,items[8].item,items[9].item,items[10].item,items[11].item,items[12].item,items[13].item,items[14].item,items[15].item,items[16].item,items[17].item,items[18].item,items[19].item,items[20].item,items[21].item,items[22].item,items[23].item,items[24].item,items[25].item,items[0].done,items[1].done,items[2].done,items[3].done,items[4].done,items[5].done,items[6].done,items[7].done,items[8].done,items[9].done,items[10].done,items[11].done,items[12].done,items[13].done,items[14].done,items[15].done,items[16].done,items[17].done,items[18].done,items[19].done,items[20].done,items[21].done,items[22].done,items[23].done,items[24].done,items[25].done,items[0].orderedQuantity,items[1].orderedQuantity,items[2].orderedQuantity,items[3].orderedQuantity,items[4].orderedQuantity,items[5].orderedQuantity,items[6].orderedQuantity,items[7].orderedQuantity,items[8].orderedQuantity,items[9].orderedQuantity,items[10].orderedQuantity,items[11].orderedQuantity,items[12].orderedQuantity,items[13].orderedQuantity,items[14].orderedQuantity,items[15].orderedQuantity,items[16].orderedQuantity,items[17].orderedQuantity,items[18].orderedQuantity,items[19].orderedQuantity,items[20].orderedQuantity,items[21].orderedQuantity,items[22].orderedQuantity,items[23].orderedQuantity,items[24].orderedQuantity,items[25].orderedQuantity,items[0].receivedQuantity,items[1].receivedQuantity,items[2].receivedQuantity,items[3].receivedQuantity,items[4].receivedQuantity,items[5].receivedQuantity,items[6].receivedQuantity,items[7].receivedQuantity,items[8].receivedQuantity,items[9].receivedQuantity,items[10].receivedQuantity,items[11].receivedQuantity,items[12].receivedQuantity,items[13].receivedQuantity,items[14].receivedQuantity,items[15].receivedQuantity,items[16].receivedQuantity,items[17].receivedQuantity,items[18].receivedQuantity,items[19].receivedQuantity,items[20].receivedQuantity,items[21].receivedQuantity,items[22].receivedQuantity,items[23].receivedQuantity,items[24].receivedQuantity,items[25].receivedQuantity,items[0]._id,items[1]._id,items[2]._id,items[3]._id,items[4]._id,items[5]._id,items[6]._id,items[7]._id,items[8]._id,items[9]._id,items[10]._id,items[11]._id,items[12]._id,items[13]._id,items[14]._id,items[15]._id,items[16]._id,items[17]._id,items[18]._id,items[19]._id,items[20]._id,items[21]._id,items[22]._id,items[23]._id,items[24]._id,items[25]._id,status,__v,forecast,updatedAt,createdAt,items[0].doneDate,items[1].doneDate,items[2].doneDate,items[3].doneDate,items[4].doneDate,items[5].doneDate,items[6].doneDate,items[7].doneDate,items[8].doneDate,items[9].doneDate,items[10].doneDate,items[11].doneDate,items[12].doneDate,items[13].doneDate,items[14].doneDate,items[15].doneDate,items[16].doneDate,items[17].doneDate,items[0].date,date,items[0].doneDate:
665dfdce37a2d1e56471b254,Pedido Almoxarifado,65e87b6acb7a1ff3d9a82500,6655bc4529a1568248b12786,6655be0229a1568248b12838,6655bfaa29a1568248b12aae,6655bf0029a1568248b1295d,6655bf5329a1568248b12965,6655bf7829a1568248b12a77,6655c43529a1568248b12f67,,,,,,,,,,,,,,,,,,,true,true,true,true,true,true,true,true,,,,,,,,,,,,,,,,,,,4,4,4,8,10,10,10,10,,,,,,,,,,,,,,,,,,,4,4,4,8,10,10,10,10,,,,,,,,,,,,,,,,,,,665dfdce37a2d1e56471b256,665dfdce37a2d1e56471b257,665dfdce37a2d1e56471b258,665dfdce37a2d1e56471b259,665dfdce37a2d1e56471b25a,665dfdce37a2d1e56471b25b,665dfdce37a2d1e56471b25c,665dfdce37a2d1e56471b25d,,,,,,,,,,,,,,,,,,,Finalizado,0,,2024-07-19T14:45:22.415Z,2024-06-04,,,,,,,,,,,,,,,,,,,,,
665f0eb3d424d105a18b4e6d,A Entregar Farben,65ea105788af5449465bf510,65ea0e5788af5449465bf4f0,65ea0fba88af5449465bf50c,65ea0d7b88af5449465bf4e4,65ea0c76caee68804da3dfb8,65ea01b0ccec70770504976a,65f81fd221502206e1869fde,65f8213606bf9ed72aefbd4f,65f8200421502206e1869fe2,662a7ee84c5f2c4dd5549aa4,664b9f69141b36233cc19071,65ea02c3fd35a7ec8989460d,65f8204821502206e1869fe6,664b9f39141b36233cc1905c,664ba047141b36233cc19120,65ea0352ccec707705049770,664b9fcc141b36233cc19115,65ea0450e3fddb288cb30d8b,,,,,,,,,true,true,true,true,true,true,true,true,true,true,true,true,true,true,true,true,true,true,,,,,,,,,16,4,1,4,2,2,2,2,1,2,2,2,1,1,2,4,2,1,,,,,,,,,16,4,1,4,2,2,2,2,1,2,2,2,1,1,2,4,2,1,,,,,,,,,665f0eb3d424d105a18b4e6e,665f0eb3d424d105a18b4e6f,665f0eb3d424d105a18b4e70,665f0eb3d424d105a18b4e71,665f0eb3d424d105a18b4e72,665f0eb3d424d105a18b4e73,665f0eb3d424d105a18b4e74,665f0eb3d424d105a18b4e75,665f0eb3d424d105a18b4e76,665f0eb3d424d105a18b4e77,665f0eb3d424d105a18b4e78,665f0eb3d424d105a18b4e79,665f0eb3d424d105a18b4e7a,665f0eb3d424d105a18b4e7b,665f0eb3d424d105a18b4e7c,665f0eb3d424d105a18b4e7d,665f0eb3d424d105a18b4e7e,665f0eb3d424d105a18b4e7f,,,,,,,,,Finalizado,0,,2024-07-02T18:12:49.137Z,,2024-07-02T14:43:39.959Z,2024-07-02T14:43:40.296Z,2024-07-02T14:43:40.633Z,2024-07-02T14:43:41.675Z,2024-07-02T14:43:42.251Z,2024-07-02T14:43:42.698Z,2024-07-02T14:43:43.164Z,2024-07-02T14:43:43.627Z,2024-07-02T14:43:44.077Z,2024-07-02T14:43:44.862Z,2024-07-02T14:43:45.293Z,2024-07-02T18:12:46.766Z,2024-07-02T18:12:47.101Z,2024-07-02T18:12:47.581Z,2024-07-02T18:12:47.952Z,2024-07-02T18:12:48.336Z,2024-07-02T18:12:48.736Z,2024-07-02T18:12:49.134Z,,,
6660941e03c6787933017adc,Intercap,65e87b6acb7a1ff3d9a82502,,,,,,,,,,,,,,,,,,,,,,,,,,true,,,,,,,,,,,,,,,,,,,,,,,,,,200,,,,,,,,,,,,,,,,,,,,,,,,,,200,,,,,,,,,,,,,,,,,,,,,,,,,,6660941e03c6787933017add,,,,,,,,,,,,,,,,,,,,,,,,,,Finalizado,0,,,,,,,,,,,,,,,,,,,,,,2024-06-05T16:36:43.075Z,,
6661ad5729953840aa6dca81,Pedido Mensal Diluente/Desengraxante,65e87b69cb7a1ff3d9a824ca,65e87b69cb7a1ff3d9a824c0,,,,,,,,,,,,,,,,,,,,,,,,,false,false,,,,,,,,,,,,,,,,,,,,,,,,,216,64,,,,,,,,,,,,,,,,,,,,,,,,,216,64,,,,,,,,,,,,,,,,,,,,,,,,,6661ad5729953840aa6dca82,6661ad5729953840aa6dca83,,,,,,,,,,,,,,,,,,,,,,,,,Finalizado,0,,2024-07-02T14:45:42.138Z,,,,,,,,,,,,,,,,,,,,,,
6663168629953840aa6e69f0,Preto Fosco Chassi Farben,666315ff29953840aa6e68a6,,,,,,,,,,,,,,,,,,,,,,,,,,true,,,,,,,,,,,,,,,,,,,,,,,,,,10,,,,,,,,,,,,,,,,,,,,,,,,,,10,,,,,,,,,,,,,,,,,,,,,,,,,,6663168629953840aa6e69f1,,,,,,,,,,,,,,,,,,,,,,,,,,Finalizado,0,,2024-06-17T19:34:21.248Z,,,,,,,,,,,,,,,,,,,,,,
666886962ba950172d813e9d,Farben,65e87b69cb7a1ff3d9a824e2,65ea107388af5449465bf514,65ea03c1e3fddb288cb30d87,65ea0d1f88af5449465bf4dc,65ea0f4e88af5449465bf504,65eef5c2c6ade12d4088a291,65ea0c15caee68804da3dfac,666c8e319f14eab9a6d4db7f,,,,,,,,,,,,,,,,,,,true,true,true,true,true,true,true,true,,,,,,,,,,,,,,,,,,,2,10,4,2,10,4,2,64,,,,,,,,,,,,,,,,,,,2,10,4,2,10,4,2,64,,,,,,,,,,,,,,,,,,,666886962ba950172d813e9f,666886962ba950172d813ea0,666886962ba950172d813ea1,6669d4582ba950172d81cc81,6669d4582ba950172d81cc82,6669d4582ba950172d81cc83,6669d4582ba950172d81cc84,666c8e529f14eab9a6d4dbbf,,,,,,,,,,,,,,,,,,,Finalizado,0,,2024-07-02T12:38:39.743Z,,,,,,,,,,,,,,,,,,,,,2024-06-11,
666c7aa09f14eab9a6d4c411,Sikaflex,65e87b68cb7a1ff3d9a82490,,,,,,,,,,,,,,,,,,,,,,,,,,true,,,,,,,,,,,,,,,,,,,,,,,,,,60,,,,,,,,,,,,,,,,,,,,,,,,,,60,,,,,,,,,,,,,,,,,,,,,,,,,,666c7aa09f14eab9a6d4c412,,,,,,,,,,,,,,,,,,,,,,,,,,Finalizado,0,,2024-08-08T11:50:27.885Z,2024-06-14T17:15:12.477Z,2024-07-23T12:36:32.560Z,,,,,,,,,,,,,,,,,,,,
66701e19ac92cd09cc2abbae,Papel Kraft,66701df8ac92cd09cc2abb76,,,,,,,,,,,,,,,,,,,,,,,,,,true,,,,,,,,,,,,,,,,,,,,,,,,,,286,,,,,,,,,,,,,,,,,,,,,,,,,,286,,,,,,,,,,,,,,,,,,,,,,,,,,66701e19ac92cd09cc2abbaf,,,,,,,,,,,,,,,,,,,,,,,,,,Finalizado,0,,2024-08-15T20:17:10.486Z,2024-06-13T11:29:29.307Z,2024-08-07T17:11:00.307Z,,,,,,,,,,,,,,,,,,,,
66704419ac92cd09cc2addec,Pedido Lazzuril,65e87b68cb7a1ff3d9a8248c,65e87b68cb7a1ff3d9a82472,65e87b68cb7a1ff3d9a82470,66704337ac92cd09cc2add83,66704368ac92cd09cc2add8a,66704394ac92cd09cc2adda9,65f9922d215d085232a162b5,,,,,,,,,,,,,,,,,,,,true,true,true,true,true,true,true,,,,,,,,,,,,,,,,,,,,60,60,40,12,2,1,24,,,,,,,,,,,,,,,,,,,,60,60,40,12,2,1,24,,,,,,,,,,,,,,,,,,,,66704419ac92cd09cc2added,66704419ac92cd09cc2addee,66704419ac92cd09cc2addef,66704419ac92cd09cc2addf0,66704419ac92cd09cc2addf1,66704419ac92cd09cc2addf2,66704419ac92cd09cc2addf3,,,,,,,,,,,,,,,,,,,,Finalizado,0,,2024-06-26T13:07:08.646Z,2024-06-17T14:11:37.031Z,,,,,,,,,,,,,,,,,,,,,
66746648c85f6aefb1ccb8af,Pedido Mensal Verniz/End,65e87b69cb7a1ff3d9a824c6,65e87b6acb7a1ff3d9a824ec,65e87b6ccb7a1ff3d9a82594,,,,,,,,,,,,,,,,,,,,,,,,true,true,true,,,,,,,,,,,,,,,,,,,,,,,,64,44,164,,,,,,,,,,,,,,,,,,,,,,,,64,44,164,,,,,,,,,,,,,,,,,,,,,,,,66746648c85f6aefb1ccb8b0,66746648c85f6aefb1ccb8b1,66746648c85f6aefb1ccb8b2,,,,,,,,,,,,,,,,,,,,,,,,Finalizado,0,,2024-07-08T12:12:06.292Z,2024-06-20T17:26:32.160Z,,,,,,,,,,,,,,,,,,,,,
6675bbd1c9ea4a6a98e588fa,Casa do Soldador,666c2106b32b96717726380e,65e87b6acb7a1ff3d9a824f2,65e87b6bcb7a1ff3d9a82592,6655bd1329a1568248b12798,665e224d37a2d1e56471c745,,,,,,,,,,,,,,,,,,,,,,true,true,true,true,true,,,,,,,,,,,,,,,,,,,,,,4,18,6,50,50,,,,,,,,,,,,,,,,,,,,,,4,18,6,50,50,,,,,,,,,,,,,,,,,,,,,,669a7cc6bde8fadf674bf5fb,6675bbd1c9ea4a6a98e588fb,6675bbd1c9ea4a6a98e588fc,669a7c72bde8fadf674bf59b,669a7c72bde8fadf674bf59c,,,,,,,,,,,,,,,,,,,,,,Finalizado,0,,2024-07-22T13:09:40.517Z,2024-06-21T17:43:45.388Z,,,,,,,,,,,,,,,,,,,,,
667974454d69e5f065dcb958,Pedido Mensal Bases,65e87b69cb7a1ff3d9a824e4,65d4801aad922a23eb762489,65e9ffd93766f39fe76fb94d,65eef727447ccdec47ac0b0d,,,,,,,,,,,,,,,,,,,,,,,true,true,true,true,,,,,,,,,,,,,,,,,,,,,,,8,64,16,8,,,,,,,,,,,,,,,,,,,,,,,8,64,16,8,,,,,,,,,,,,,,,,,,,,,,,667974454d69e5f065dcb959,667974454d69e5f065dcb95a,667974454d69e5f065dcb95b,667974454d69e5f065dcb95c,,,,,,,,,,,,,,,,,,,,,,,Finalizado,0,,2024-07-15T14:09:56.058Z,2024-06-24T13:27:33.258Z,,,,,,,,,,,,,,,,,,,,,2024-06-24T13:27:33.258Z
6679a7904d69e5f065dd9965,THINNER,660da6d11da388a666db73f6,,,,,,,,,,,,,,,,,,,,,,,,,,true,,,,,,,,,,,,,,,,,,,,,,,,,,4,,,,,,,,,,,,,,,,,,,,,,,,,,4,,,,,,,,,,,,,,,,,,,,,,,,,,6679a7904d69e5f065dd9966,,,,,,,,,,,,,,,,,,,,,,,,,,Finalizado,0,2024-06-26,2024-06-26T17:09:44.545Z,2024-06-24T17:06:24.746Z,,,,,,,,,,,,,,,,,,,,,
667bf68d4d69e5f065e0e14e,Fita Adere,66a3cad9af9e4dcbc173556a,65e87b6acb7a1ff3d9a824f8,,,,,,,,,,,,,,,,,,,,,,,,,true,true,,,,,,,,,,,,,,,,,,,,,,,,,2160,2880,,,,,,,,,,,,,,,,,,,,,,,,,2160,2880,,,,,,,,,,,,,,,,,,,,,,,,,66a3cd4caf9e4dcbc1735ce6,667bf68d4d69e5f065e0e14f,,,,,,,,,,,,,,,,,,,,,,,,,Finalizado,0,,2024-08-06T13:16:39.144Z,2024-06-26T11:07:57.434Z,2024-07-30T16:53:25.854Z,2024-07-30T16:53:26.606Z,,,,,,,,,,,,,,,,,,,
6683083a19bd4abe51f1a423,Pedido Mensal Diluente/Desengraxante,65e87b69cb7a1ff3d9a824c0,65e87b69cb7a1ff3d9a824ca,,,,,,,,,,,,,,,,,,,,,,,,,true,true,,,,,,,,,,,,,,,,,,,,,,,,,8,228,,,,,,,,,,,,,,,,,,,,,,,,,8,228,,,,,,,,,,,,,,,,,,,,,,,,,6683083a19bd4abe51f1a424,6683083a19bd4abe51f1a425,,,,,,,,,,,,,,,,,,,,,,,,,Finalizado,0,,2024-07-15T14:09:56.590Z,2024-06-27T14:49:14.947Z,,,,,,,,,,,,,,,,,,,,,
668d25d8bde8fadf6747ce38,thinner,660da6d11da388a666db73f6,,,,,,,,,,,,,,,,,,,,,,,,,,true,,,,,,,,,,,,,,,,,,,,,,,,,,4,,,,,,,,,,,,,,,,,,,,,,,,,,4,,,,,,,,,,,,,,,,,,,,,,,,,,668d25d8bde8fadf6747ce39,,,,,,,,,,,,,,,,,,,,,,,,,,Finalizado,0,,2024-07-15T14:09:56.955Z,2024-07-09T11:58:16.897Z,,,,,,,,,,,,,,,,,,,,,
668d33e6bde8fadf6747da1a,Adesivo Preto,663a6f49d98e2878d6fc6d19,,,,,,,,,,,,,,,,,,,,,,,,,,true,,,,,,,,,,,,,,,,,,,,,,,,,,10,,,,,,,,,,,,,,,,,,,,,,,,,,10,,,,,,,,,,,,,,,,,,,,,,,,,,668d33e6bde8fadf6747da1b,,,,,,,,,,,,,,,,,,,,,,,,,,Finalizado,0,,2024-07-23T13:38:18.255Z,2024-07-09T12:58:14.249Z,2024-07-22T12:35:53.529Z,,,,,,,,,,,,,,,,,,,,
668ea479bde8fadf67481b4e,Catalisador 950 ,666c8e319f14eab9a6d4db7f,,,,,,,,,,,,,,,,,,,,,,,,,,true,,,,,,,,,,,,,,,,,,,,,,,,,,60,,,,,,,,,,,,,,,,,,,,,,,,,,60,,,,,,,,,,,,,,,,,,,,,,,,,,668ea479bde8fadf67481b4f,,,,,,,,,,,,,,,,,,,,,,,,,,Finalizado,0,,2024-07-29T14:17:21.781Z,2024-07-10T15:10:49.122Z,,,,,,,,,,,,,,,,,,,,,
669662dfbde8fadf6748e845,Dislon,668d8259bde8fadf6747eeb5,668d8228bde8fadf6747ee74,65e87b6acb7a1ff3d9a824fc,66a29f1baf9e4dcbc1721d1f,,,,,,,,,,,,,,,,,,,,,,,true,true,true,true,,,,,,,,,,,,,,,,,,,,,,,5,4,1000,20,,,,,,,,,,,,,,,,,,,,,,,5,4,1000,20,,,,,,,,,,,,,,,,,,,,,,,669fa4073a11deb1db4407b8,669fa4073a11deb1db4407b9,669662dfbde8fadf6748e846,66a2acf1af9e4dcbc17246ff,,,,,,,,,,,,,,,,,,,,,,,Finalizado,0,2024-07-26,2024-07-26T18:18:35.194Z,2024-07-16T12:09:03.392Z,2024-07-23T18:03:48.594Z,2024-07-23T18:03:49.242Z,2024-07-23T18:03:49.882Z,2024-07-25T19:52:22.175Z,,,,,,,,,,,,,,,,,
66966303bde8fadf6748e8a3,Pote Catalise/Bisnaga,660305a8e10753b345fade09,,,,,,,,,,,,,,,,,,,,,,,,,,false,,,,,,,,,,,,,,,,,,,,,,,,,,2,,,,,,,,,,,,,,,,,,,,,,,,,,2,,,,,,,,,,,,,,,,,,,,,,,,,,66966303bde8fadf6748e8a4,,,,,,,,,,,,,,,,,,,,,,,,,,Finalizado,0,,2024-08-01T19:03:31.240Z,2024-07-16T12:09:39.699Z,,,,,,,,,,,,,,,,,,,,,
6696b26bbde8fadf67495479,Branco ac 171,65e87b69cb7a1ff3d9a824ea,,,,,,,,,,,,,,,,,,,,,,,,,,false,,,,,,,,,,,,,,,,,,,,,,,,,,4,,,,,,,,,,,,,,,,,,,,,,,,,,4,,,,,,,,,,,,,,,,,,,,,,,,,,6696b26bbde8fadf6749547a,,,,,,,,,,,,,,,,,,,,,,,,,,Finalizado,0,,2024-07-17T18:51:03.775Z,2024-07-16T17:48:27.587Z,,,,,,,,,,,,,,,,,,,,,
669e564fbde8fadf674dc561,Chave de Impacto,65e87b67cb7a1ff3d9a82442,,,,,,,,,,,,,,,,,,,,,,,,,,true,,,,,,,,,,,,,,,,,,,,,,,,,,1,,,,,,,,,,,,,,,,,,,,,,,,,,1,,,,,,,,,,,,,,,,,,,,,,,,,,669e564fbde8fadf674dc562,,,,,,,,,,,,,,,,,,,,,,,,,,Finalizado,0,,2024-07-22T12:53:39.202Z,2024-07-22T12:53:35.583Z,,,,,,,,,,,,,,,,,,,,,
669e5a88bde8fadf674ddb22,Mercado Livre,66a12bb4affe4f371ee45757,66266b4ca189ac8bbc53a7bb,669fe6688f3b6980f5db3e3a,667c13cd6441788f4d6e905d,,,,,,,,,,,,,,,,,,,,,,,true,true,true,true,,,,,,,,,,,,,,,,,,,,,,,1,1,8,1,,,,,,,,,,,,,,,,,,,,,,,1,1,8,1,,,,,,,,,,,,,,,,,,,,,,,66a12c0faffe4f371ee457a9,669fe8858f3b6980f5db3f09,669fe8858f3b6980f5db3f0a,669e5a88bde8fadf674ddb23,,,,,,,,,,,,,,,,,,,,,,,Finalizado,0,,2024-07-29T18:24:04.697Z,2024-07-22T13:11:36.645Z,2024-07-24T16:30:48.857Z,2024-07-24T16:30:49.570Z,2024-07-23T17:32:30.671Z,2024-07-24T16:30:50.916Z,,,,,,,,,,,,,,,,,
669f8899bde8fadf674f493b,Pedido Mensal Desengraxante/Diluente,65e87b69cb7a1ff3d9a824c0,65e87b69cb7a1ff3d9a824ca,65e87b69cb7a1ff3d9a824ea,660da6d11da388a666db73f6,,,,,,,,,,,,,,,,,,,,,,,true,true,true,true,,,,,,,,,,,,,,,,,,,,,,,68,228,10,2,,,,,,,,,,,,,,,,,,,,,,,68,228,10,2,,,,,,,,,,,,,,,,,,,,,,,669f8899bde8fadf674f493c,669f8899bde8fadf674f493d,66a0fa60affe4f371ee3cce7,66a0f93eaffe4f371ee3cbcd,,,,,,,,,,,,,,,,,,,,,,,Finalizado,0,,2024-07-31T17:30:36.710Z,2024-07-23T10:40:25.786Z,,,,,,,,,,,,,,,,,,,,,
66a12c83affe4f371ee45878,Pedido Aliexpress,66a1292eaffe4f371ee44fe1,66a129dcaffe4f371ee4537d,66a12b1eaffe4f371ee4574f,66a12860affe4f371ee44fbd,66a12817affe4f371ee44fb5,,,,,,,,,,,,,,,,,,,,,,true,true,true,true,true,,,,,,,,,,,,,,,,,,,,,,2,2,1,14,18,,,,,,,,,,,,,,,,,,,,,,2,2,1,14,18,,,,,,,,,,,,,,,,,,,,,,66a12ca6affe4f371ee458e4,66a12ca7affe4f371ee458e5,66a12ca7affe4f371ee458e6,66a12c83affe4f371ee45879,66a12c83affe4f371ee4587a,,,,,,,,,,,,,,,,,,,,,,Finalizado,0,,2024-08-28T14:43:38.939Z,2024-07-24T16:32:03.944Z,2024-07-24T17:13:33.547Z,2024-07-24T17:13:34.470Z,2024-07-24T17:13:34.885Z,2024-07-24T17:13:35.397Z,2024-07-24T17:13:35.911Z,,,,,,,,,,,,,,,,
66a25323af9e4dcbc17148d1,Pedido Mensal Bases,665dbc10630dded4026d9e64,65e87b69cb7a1ff3d9a824e4,65d4801aad922a23eb762489,65e9ffd93766f39fe76fb94d,65eef6bea888e47e817333ef,,,,,,,,,,,,,,,,,,,,,,true,true,true,true,true,,,,,,,,,,,,,,,,,,,,,,16,20,36,52,8,,,,,,,,,,,,,,,,,,,,,,16,20,36,52,8,,,,,,,,,,,,,,,,,,,,,,66a25323af9e4dcbc17148d2,66a25323af9e4dcbc17148d3,66a25323af9e4dcbc17148d4,66a25323af9e4dcbc17148d5,66a25323af9e4dcbc17148d6,,,,,,,,,,,,,,,,,,,,,,Finalizado,0,,2024-08-07T17:08:28.449Z,2024-07-25T13:29:07.848Z,2024-07-25T14:52:11.799Z,2024-07-25T14:52:16.088Z,2024-07-25T14:52:18.036Z,2024-07-25T14:52:20.081Z,2024-07-25T14:52:22.535Z,,,,,,,,,,,,,,,,
66a3faf8af9e4dcbc173e74e,Bisnaga Desengraxante,66a3fad9af9e4dcbc173e71a,,,,,,,,,,,,,,,,,,,,,,,,,,true,,,,,,,,,,,,,,,,,,,,,,,,,,10,,,,,,,,,,,,,,,,,,,,,,,,,,10,,,,,,,,,,,,,,,,,,,,,,,,,,66a3faf8af9e4dcbc173e74f,,,,,,,,,,,,,,,,,,,,,,,,,,Finalizado,0,,2024-08-01T15:14:00.723Z,2024-07-26T19:37:28.139Z,2024-07-26T19:51:36.471Z,,,,,,,,,,,,,,,,,,,,
66a77d04af9e4dcbc1745347,Mercado Livre,66a77b9eaf9e4dcbc1744eb1,66a77be0af9e4dcbc1744ebb,66a77b71af9e4dcbc1744aff,66a77cd0af9e4dcbc1745311,,,,,,,,,,,,,,,,,,,,,,,true,true,true,true,,,,,,,,,,,,,,,,,,,,,,,2,1,10,1,,,,,,,,,,,,,,,,,,,,,,,2,1,10,1,,,,,,,,,,,,,,,,,,,,,,,66a77d04af9e4dcbc1745348,66a77d04af9e4dcbc1745349,66a77d04af9e4dcbc174534a,66a77d04af9e4dcbc174534b,,,,,,,,,,,,,,,,,,,,,,,Finalizado,0,,2024-07-30T16:41:35.882Z,2024-07-29T11:29:08.369Z,2024-07-29T11:29:32.347Z,2024-07-29T11:29:32.859Z,2024-07-29T11:29:33.482Z,2024-07-29T11:29:34.029Z,,,,,,,,,,,,,,,,,
66a7e8a5af9e4dcbc1759526,Pedido Mensal Verniz/End.,65e87b6acb7a1ff3d9a824ec,65e87b6ccb7a1ff3d9a82596,65e87b6ccb7a1ff3d9a82594,666c8e319f14eab9a6d4db7f,,,,,,,,,,,,,,,,,,,,,,,true,true,true,true,,,,,,,,,,,,,,,,,,,,,,,28,20,138,42,,,,,,,,,,,,,,,,,,,,,,,28,20,138,42,,,,,,,,,,,,,,,,,,,,,,,66a7e8a5af9e4dcbc1759527,66a7e8a5af9e4dcbc1759528,66a7e8a5af9e4dcbc1759529,66a7e8a5af9e4dcbc175952a,,,,,,,,,,,,,,,,,,,,,,,Finalizado,0,,2024-08-20T19:10:03.186Z,2024-07-29T19:08:21.303Z,2024-08-02T19:50:45.547Z,2024-08-02T19:50:49.624Z,2024-08-02T19:50:55.315Z,2024-08-02T19:50:58.224Z,,,,,,,,,,,,,,,,,
66a8f8ab79ee6c83ca05f769,Mercado Livre,66a8f7cc79ee6c83ca05f324,66a8f7fc79ee6c83ca05f6e9,66a92a5279ee6c83ca068ed5,66a8f83879ee6c83ca05f6f1,65e87b69cb7a1ff3d9a8249c,,,,,,,,,,,,,,,,,,,,,,true,true,true,true,true,,,,,,,,,,,,,,,,,,,,,,1,1,1,3,2,,,,,,,,,,,,,,,,,,,,,,1,1,1,3,2,,,,,,,,,,,,,,,,,,,,,,66a8f8ab79ee6c83ca05f76a,66a8f8ab79ee6c83ca05f76b,66a92a6b79ee6c83ca069000,66a8f8ab79ee6c83ca05f76c,66a8f8ab79ee6c83ca05f76d,,,,,,,,,,,,,,,,,,,,,,Finalizado,0,,2024-08-01T16:45:52.178Z,2024-07-30T14:28:59.375Z,2024-07-30T18:16:06.733Z,2024-07-30T18:16:03.978Z,2024-07-30T18:16:03.190Z,2024-07-30T18:16:02.181Z,2024-07-30T18:16:01.781Z,,,,,,,,,,,,,,,,
66b1148279ee6c83ca0e13d8,Pedido Mensal Pigmentos,65e87b69cb7a1ff3d9a824ce,65e87b69cb7a1ff3d9a824dc,65ea0d1f88af5449465bf4dc,6620073ab18ad27a975a662b,65ea0d5d88af5449465bf4e0,65eef5c2c6ade12d4088a291,65ea0cbc88af5449465bf4d0,65ea01b0ccec70770504976a,65f81f8b21502206e1869fda,65ea02c3fd35a7ec8989460d,65f8204821502206e1869fe6,65ea0352ccec707705049770,65ea03c1e3fddb288cb30d87,65ea0450e3fddb288cb30d8b,,,,,,,,,,,,,true,true,true,true,true,true,true,true,true,true,true,true,true,true,,,,,,,,,,,,,2,2,4,8,2,10,4,4,4,4,4,4,4,4,,,,,,,,,,,,,2,2,4,8,2,10,4,4,4,4,4,4,4,4,,,,,,,,,,,,,66b1148279ee6c83ca0e13d9,66b1148279ee6c83ca0e13da,66b1148279ee6c83ca0e13db,66b1148279ee6c83ca0e13dc,66b1148279ee6c83ca0e13dd,66b1148279ee6c83ca0e13de,66b1148279ee6c83ca0e13df,66b1148279ee6c83ca0e13e0,66b1148279ee6c83ca0e13e1,66b1148279ee6c83ca0e13e2,66b1148279ee6c83ca0e13e3,66b1148279ee6c83ca0e13e4,66b1148279ee6c83ca0e13e5,66b1148279ee6c83ca0e13e6,,,,,,,,,,,,,Finalizado,0,,2024-08-27T16:05:29.552Z,2024-08-05T18:05:54.337Z,2024-08-06T12:28:23.036Z,2024-08-06T12:31:08.949Z,2024-08-06T12:31:16.420Z,2024-08-06T12:31:19.704Z,2024-08-06T12:31:24.736Z,2024-08-06T12:31:27.567Z,2024-08-06T12:31:30.550Z,2024-08-06T12:31:33.210Z,2024-08-06T12:31:40.596Z,2024-08-06T12:31:35.142Z,2024-08-06T12:31:46.272Z,2024-08-06T12:31:36.579Z,2024-08-06T12:31:42.739Z,2024-08-06T12:31:38.272Z,,,,,,,
66b1161579ee6c83ca0e18ce,Mercado Livre,66b115b979ee6c83ca0e1879,66a3fad9af9e4dcbc173e71a,66a3fb52af9e4dcbc173e7bb,,,,,,,,,,,,,,,,,,,,,,,,true,true,true,,,,,,,,,,,,,,,,,,,,,,,,4,10,20,,,,,,,,,,,,,,,,,,,,,,,,4,10,20,,,,,,,,,,,,,,,,,,,,,,,,66b1161579ee6c83ca0e18cf,66b1161579ee6c83ca0e18d0,66b1161579ee6c83ca0e18d1,,,,,,,,,,,,,,,,,,,,,,,,Finalizado,0,,2024-08-12T11:28:11.302Z,2024-08-05T18:12:37.167Z,2024-08-05T18:55:01.383Z,2024-08-05T18:55:01.863Z,2024-08-05T18:55:02.361Z,,,,,,,,,,,,,,,,,,
66bb9778d2f65f69d1a42588,Mercado Livre,66bb9736d2f65f69d1a424be,65e87b6bcb7a1ff3d9a82590,66bb96afd2f65f69d1a42075,,,,,,,,,,,,,,,,,,,,,,,,true,true,true,,,,,,,,,,,,,,,,,,,,,,,,1,5,20,,,,,,,,,,,,,,,,,,,,,,,,1,5,20,,,,,,,,,,,,,,,,,,,,,,,,66bb9778d2f65f69d1a42589,66bb9778d2f65f69d1a4258a,66bb9778d2f65f69d1a4258b,,,,,,,,,,,,,,,,,,,,,,,,Finalizado,0,,2024-08-22T16:06:07.186Z,2024-08-13T17:27:20.266Z,2024-08-13T17:27:27.052Z,2024-08-13T17:27:27.578Z,2024-08-13T17:27:28.645Z,,,,,,,,,,,,,,,,,,
66c352c5e00fb7aa5256aea1,Intercap,65e87b6acb7a1ff3d9a82502,,,,,,,,,,,,,,,,,,,,,,,,,,true,,,,,,,,,,,,,,,,,,,,,,,,,,200,,,,,,,,,,,,,,,,,,,,,,,,,,200,,,,,,,,,,,,,,,,,,,,,,,,,,66c352c5e00fb7aa5256aea2,,,,,,,,,,,,,,,,,,,,,,,,,,Finalizado,0,,2024-08-19T19:51:06.981Z,2024-08-19T14:12:21.175Z,2024-08-19T14:30:25.368Z,,,,,,,,,,,,,,,,,,,,
66c384dbe00fb7aa52575e8a,Fita Amarela / Aerografo,65e87b68cb7a1ff3d9a82460,66c3828ee00fb7aa52575542,,,,,,,,,,,,,,,,,,,,,,,,,true,true,,,,,,,,,,,,,,,,,,,,,,,,,384,10,,,,,,,,,,,,,,,,,,,,,,,,,384,10,,,,,,,,,,,,,,,,,,,,,,,,,66c384dbe00fb7aa52575e8b,66c384dbe00fb7aa52575e8c,,,,,,,,,,,,,,,,,,,,,,,,,Finalizado,0,,2024-08-28T13:45:04.931Z,2024-08-19T17:46:03.602Z,2024-08-20T19:20:59.150Z,2024-08-20T19:20:59.856Z,,,,,,,,,,,,,,,,,,,
66c39684e00fb7aa52579ce6,Engate Rapido,66a12860affe4f371ee44fbd,66a12817affe4f371ee44fb5,,,,,,,,,,,,,,,,,,,,,,,,,true,true,,,,,,,,,,,,,,,,,,,,,,,,,14,8,,,,,,,,,,,,,,,,,,,,,,,,,14,8,,,,,,,,,,,,,,,,,,,,,,,,,66c39684e00fb7aa52579ce7,66c39684e00fb7aa52579ce8,,,,,,,,,,,,,,,,,,,,,,,,,Finalizado,0,,2024-08-26T13:33:08.908Z,2024-08-19T19:01:24.852Z,2024-08-19T19:01:38.505Z,2024-08-19T19:01:43.963Z,,,,,,,,,,,,,,,,,,,
66c7939ec6f2db25b1a747e1,Bolinha,66c792f3c6f2db25b1a7470f,66c791b0c6f2db25b1a746d9,66c79338c6f2db25b1a7472c,66c79278c6f2db25b1a74707,,,,,,,,,,,,,,,,,,,,,,,true,true,true,true,,,,,,,,,,,,,,,,,,,,,,,5,1,2,50,,,,,,,,,,,,,,,,,,,,,,,5,1,2,50,,,,,,,,,,,,,,,,,,,,,,,66c7939ec6f2db25b1a747e2,66c7939ec6f2db25b1a747e3,66c7939ec6f2db25b1a747e4,66c7939ec6f2db25b1a747e5,,,,,,,,,,,,,,,,,,,,,,,Finalizado,0,,2024-08-22T19:39:42.487Z,2024-08-22T19:38:06.263Z,2024-08-22T19:38:57.120Z,2024-08-22T19:38:57.552Z,2024-08-22T19:38:57.984Z,2024-08-22T19:38:58.451Z,,,,,,,,,,,,,,,,,
66cf21c30ad0ecdcf47790b0,Bolinha,66ce2fe80ad0ecdcf4778145,66ce30330ad0ecdcf477815b,,,,,,,,,,,,,,,,,,,,,,,,,true,true,,,,,,,,,,,,,,,,,,,,,,,,,2,4,,,,,,,,,,,,,,,,,,,,,,,,,2,4,,,,,,,,,,,,,,,,,,,,,,,,,66cf21c30ad0ecdcf47790b1,66cf21c30ad0ecdcf47790b2,,,,,,,,,,,,,,,,,,,,,,,,,Finalizado,0,,2024-08-28T13:11:01.861Z,2024-08-28T13:10:27.684Z,2024-08-28T13:10:34.892Z,2024-08-28T13:10:35.565Z,,,,,,,,,,,,,,,,,,,
66d85bfc515b5eecdb485259,Espatula,65e87b68cb7a1ff3d9a82496,,,,,,,,,,,,,,,,,,,,,,,,,,true,,,,,,,,,,,,,,,,,,,,,,,,,,100,,,,,,,,,,,,,,,,,,,,,,,,,,100,,,,,,,,,,,,,,,,,,,,,,,,,,66d85bfc515b5eecdb48525a,,,,,,,,,,,,,,,,,,,,,,,,,,Finalizado,0,,2024-09-13T14:48:33.952Z,2024-09-04T13:09:16.406Z,2024-09-04T13:09:26.117Z,,,,,,,,,,,,,,,,,,,,
66d86154515b5eecdb486bb8,Mercado Livre,66d85fef515b5eecdb486666,66d8605b515b5eecdb486b59,66d860e2515b5eecdb486b7b,66d8608b515b5eecdb486b61,66d056122537cfd91d21dfdb,66d056bf2537cfd91d21dfe3,,,,,,,,,,,,,,,,,,,,,true,true,true,true,true,true,,,,,,,,,,,,,,,,,,,,,4,1,1,40,3,10,,,,,,,,,,,,,,,,,,,,,4,1,1,40,3,10,,,,,,,,,,,,,,,,,,,,,66d86154515b5eecdb486bb9,66d86154515b5eecdb486bba,66d86154515b5eecdb486bbb,66d86154515b5eecdb486bbc,66d86154515b5eecdb486bbd,66d86154515b5eecdb486bbe,,,,,,,,,,,,,,,,,,,,,Finalizado,0,,2024-09-05T19:27:58.406Z,2024-09-04T13:32:04.104Z,2024-09-04T13:32:12.147Z,2024-09-04T13:32:12.596Z,2024-09-04T13:32:20.386Z,2024-09-04T13:32:13.702Z,2024-09-04T13:32:14.231Z,2024-09-04T13:32:29.439Z,,,,,,,,,,,,,,,
66db4bb72dd63f808c1ffd6c,Mercado Livre,66db4b6d2dd63f808c1ffd27,66db4b9c2dd63f808c1ffd2f,,,,,,,,,,,,,,,,,,,,,,,,,true,true,,,,,,,,,,,,,,,,,,,,,,,,,1,1,,,,,,,,,,,,,,,,,,,,,,,,,1,1,,,,,,,,,,,,,,,,,,,,,,,,,66db4bb72dd63f808c1ffd6d,66db4bb72dd63f808c1ffd6e,,,,,,,,,,,,,,,,,,,,,,,,,Finalizado,0,,2024-09-13T15:59:01.566Z,2024-09-06T18:36:39.368Z,2024-09-06T18:48:12.291Z,2024-09-06T18:48:13.341Z,,,,,,,,,,,,,,,,,,,
66df00ec2dd63f808c21ec42,Parafusadeira Makita,66dee5fb2dd63f808c21741a,,,,,,,,,,,,,,,,,,,,,,,,,,true,,,,,,,,,,,,,,,,,,,,,,,,,,2,,,,,,,,,,,,,,,,,,,,,,,,,,2,,,,,,,,,,,,,,,,,,,,,,,,,,66df00ec2dd63f808c21ec43,,,,,,,,,,,,,,,,,,,,,,,,,,Finalizado,0,,2024-09-09T14:07:21.274Z,2024-09-09T14:06:25.048Z,,,,,,,,,,,,,,,,,,,,,
66e1c98863f404c3c0400faf,Casa dos Parafusos,66e1c7cd63f404c3c0400a35,66e1c50863f404c3c0400427,66e1c6e763f404c3c040091a,660be35c3e55146e13564e06,66e1c6be63f404c3c0400913,66e1c59563f404c3c040044a,,,,,,,,,,,,,,,,,,,,,true,true,true,true,true,true,,,,,,,,,,,,,,,,,,,,,100,300,200,400,300,400,,,,,,,,,,,,,,,,,,,,,100,300,200,400,300,400,,,,,,,,,,,,,,,,,,,,,66e1c98863f404c3c0400fb0,66e1c98863f404c3c0400fb1,66e1c98863f404c3c0400fb2,66e1c98863f404c3c0400fb3,66e1c98863f404c3c0400fb4,66e1c98863f404c3c0400fb5,,,,,,,,,,,,,,,,,,,,,Finalizado,0,,2024-09-12T11:39:23.632Z,2024-09-11T16:45:57.217Z,,,,,,,,,,,,,,,,,,,,,
66e1d4ab63f404c3c04050cf,Mangueira Teste,66e1d33a63f404c3c040503a,,,,,,,,,,,,,,,,,,,,,,,,,,true,,,,,,,,,,,,,,,,,,,,,,,,,,50,,,,,,,,,,,,,,,,,,,,,,,,,,50,,,,,,,,,,,,,,,,,,,,,,,,,,66e1d4ab63f404c3c04050d0,,,,,,,,,,,,,,,,,,,,,,,,,,Finalizado,0,,2024-09-16T11:22:02.444Z,2024-09-11T17:34:22.204Z,,,,,,,,,,,,,,,,,,,,,
66e334d463f404c3c043c3a9,Painel Ferramentas,65e87b66cb7a1ff3d9a823cc,65e87b66cb7a1ff3d9a823f0,65e87b67cb7a1ff3d9a82446,65e87b66cb7a1ff3d9a823fe,65e87b66cb7a1ff3d9a82406,65e87b66cb7a1ff3d9a823ea,65e87b67cb7a1ff3d9a82422,65e87b66cb7a1ff3d9a823ee,65e87b6bcb7a1ff3d9a82552,65e87b66cb7a1ff3d9a823d0,65e87b68cb7a1ff3d9a82448,65e87b6ccb7a1ff3d9a825a0,66bb9736d2f65f69d1a424be,65e87b6bcb7a1ff3d9a82556,65e87b69cb7a1ff3d9a8249e,65e87b68cb7a1ff3d9a8245e,65e87b68cb7a1ff3d9a82498,66e333e163f404c3c043c2e1,66f4176b5ba08fb3b6ce17be,660be2a469f57858b25b4054,66e1c56f63f404c3c040043e,65e87b66cb7a1ff3d9a823f2,,,,,true,true,true,true,true,true,true,true,true,true,true,true,true,true,true,true,true,true,true,true,true,true,,,,,3,3,3,3,3,3,3,3,3,3,3,3,1,3,2,2,2,2,3,300,500,1,,,,,3,3,3,3,3,3,3,3,3,3,3,3,1,3,2,2,2,2,3,300,500,1,,,,,66f422385ba08fb3b6ce4462,66f422385ba08fb3b6ce4463,66f422385ba08fb3b6ce4464,66f422385ba08fb3b6ce4465,66f422385ba08fb3b6ce4466,66f422385ba08fb3b6ce4467,66f422385ba08fb3b6ce4468,66f422385ba08fb3b6ce4469,66f422385ba08fb3b6ce446a,66f422385ba08fb3b6ce446b,66f422385ba08fb3b6ce446c,66f422385ba08fb3b6ce446e,66f422385ba08fb3b6ce446f,66f422385ba08fb3b6ce4470,66f422385ba08fb3b6ce4471,66f422385ba08fb3b6ce4472,66f422385ba08fb3b6ce4473,66f422385ba08fb3b6ce4474,66f422385ba08fb3b6ce4475,66f422385ba08fb3b6ce4476,66f422385ba08fb3b6ce4477,66f4250e5ba08fb3b6ce52bc,,,,,Finalizado,0,,2024-10-10T16:53:15.772Z,2024-09-12T18:35:03.287Z,,,,,,,,,,,,,,,,,,,,,
66e8760bd2c1845436a80717,MÃ¡scara ,66ccd84c0ad0ecdcf476a3d9,,,,,,,,,,,,,,,,,,,,,,,,,,true,,,,,,,,,,,,,,,,,,,,,,,,,,5,,,,,,,,,,,,,,,,,,,,,,,,,,5,,,,,,,,,,,,,,,,,,,,,,,,,,66e8760bd2c1845436a80718,,,,,,,,,,,,,,,,,,,,,,,,,,Finalizado,0,,2024-09-27T13:55:00.577Z,2024-09-16T18:16:22.505Z,,,,,,,,,,,,,,,,,,,,,
66e878cfd2c1845436a81046,Pigmento Fluorescente,66e878b9d2c1845436a80f9c,,,,,,,,,,,,,,,,,,,,,,,,,,true,,,,,,,,,,,,,,,,,,,,,,,,,,1,,,,,,,,,,,,,,,,,,,,,,,,,,1,,,,,,,,,,,,,,,,,,,,,,,,,,66e878cfd2c1845436a81047,,,,,,,,,,,,,,,,,,,,,,,,,,Finalizado,0,,2024-09-18T20:07:18.525Z,2024-09-16T18:28:31.591Z,,,,,,,,,,,,,,,,,,,,,
66e9d0d8d69ba29408d3dbe1,Bisnaga,66a3fb52af9e4dcbc173e7bb,66a3fad9af9e4dcbc173e71a,66cde07c0ad0ecdcf4775cdd,,,,,,,,,,,,,,,,,,,,,,,,true,true,true,,,,,,,,,,,,,,,,,,,,,,,,20,40,40,,,,,,,,,,,,,,,,,,,,,,,,20,40,40,,,,,,,,,,,,,,,,,,,,,,,,66e9d0d8d69ba29408d3dbe2,66e9d0d8d69ba29408d3dbe3,66e9d0d8d69ba29408d3dbe4,,,,,,,,,,,,,,,,,,,,,,,,Finalizado,0,,2024-10-23T19:38:37.065Z,2024-09-17T18:53:38.098Z,,,,,,,,,,,,,,,,,,,,,
66eabe4ed69ba29408d5011d,Cavalete,66d85fef515b5eecdb486666,,,,,,,,,,,,,,,,,,,,,,,,,,true,,,,,,,,,,,,,,,,,,,,,,,,,,10,,,,,,,,,,,,,,,,,,,,,,,,,,10,,,,,,,,,,,,,,,,,,,,,,,,,,66eabe4ed69ba29408d5011e,,,,,,,,,,,,,,,,,,,,,,,,,,Finalizado,0,,2024-09-20T18:00:44.635Z,2024-09-18T11:49:34.646Z,2024-09-19T17:11:05.672Z,,,,,,,,,,,,,,,,,,,,
66ec264cd69ba29408d7d131,Lixas,65e87b6ccb7a1ff3d9a8259c,65e87b6ccb7a1ff3d9a825aa,65e87b6ccb7a1ff3d9a825a8,6655bd1329a1568248b12798,661699b3a2218a01dc97d46a,661699cea2218a01dc97d46e,66ec252bd69ba29408d7cc00,66ec258ed69ba29408d7cc3a,65e87b68cb7a1ff3d9a82466,,,,,,,,,,,,,,,,,,true,true,true,true,true,true,true,true,true,,,,,,,,,,,,,,,,,,600,300,200,200,150,150,600,300,200,,,,,,,,,,,,,,,,,,600,300,200,200,150,150,600,300,200,,,,,,,,,,,,,,,,,,66ec264cd69ba29408d7d132,66ec264cd69ba29408d7d133,66ec264cd69ba29408d7d134,66ec264cd69ba29408d7d135,66ec264cd69ba29408d7d136,66ec264cd69ba29408d7d137,66ec2a0ed69ba29408d7e106,66ec2a0ed69ba29408d7e107,66ec2a0ed69ba29408d7e108,,,,,,,,,,,,,,,,,,Finalizado,0,,2024-09-23T17:24:52.291Z,2024-09-19T13:25:32.278Z,,,,,,,,,,,,,,,,,,,,,
66ec3551d69ba29408d81463,Thinner Maicon,66ec3541d69ba29408d81405,,,,,,,,,,,,,,,,,,,,,,,,,,true,,,,,,,,,,,,,,,,,,,,,,,,,,2,,,,,,,,,,,,,,,,,,,,,,,,,,2,,,,,,,,,,,,,,,,,,,,,,,,,,66ec3551d69ba29408d81464,,,,,,,,,,,,,,,,,,,,,,,,,,Finalizado,0,,2024-09-25T20:26:04.721Z,2024-09-19T14:29:37.923Z,2024-09-19T17:44:14.715Z,,,,,,,,,,,,,,,,,,,,
66ed6c2dd69ba29408d9864d,Pedido Farben,65d4801aad922a23eb762489,65eef6bea888e47e817333ef,65e87b69cb7a1ff3d9a824c0,666c8e319f14eab9a6d4db7f,65e87b69cb7a1ff3d9a824d2,65e87b69cb7a1ff3d9a824d0,65e87b69cb7a1ff3d9a824da,65e87b69cb7a1ff3d9a824ea,65e87b69cb7a1ff3d9a824dc,65e87b69cb7a1ff3d9a824ce,65ea107388af5449465bf514,65ea0f4e88af5449465bf504,,,,,,,,,,,,,,,true,true,true,true,true,true,true,true,true,true,true,true,,,,,,,,,,,,,,,36,24,44,96,4,2,4,12,8,8,6,3,,,,,,,,,,,,,,,36,24,44,96,4,2,4,12,8,8,6,3,,,,,,,,,,,,,,,66ed6c2dd69ba29408d9864e,66ed6c2dd69ba29408d9864f,66ed6c2dd69ba29408d98650,66ed6c2dd69ba29408d98651,66ed6c2dd69ba29408d98652,66ed6c2dd69ba29408d98653,66ed6c2dd69ba29408d98654,66ed6c2dd69ba29408d98655,66ed6c2dd69ba29408d98656,66ed6c2dd69ba29408d98657,66ed6c2dd69ba29408d98658,66ed6c2dd69ba29408d98659,,,,,,,,,,,,,,,Finalizado,0,,2024-10-01T14:38:30.347Z,2024-09-20T12:30:23.736Z,2024-09-23T17:48:46.711Z,2024-09-23T17:48:51.939Z,2024-09-23T17:49:03.614Z,2024-09-23T17:48:50.959Z,2024-09-23T17:49:01.170Z,2024-09-23T17:49:08.377Z,2024-09-23T17:48:58.595Z,2024-09-23T17:49:05.868Z,2024-09-23T17:48:56.400Z,2024-09-23T17:49:13.174Z,2024-09-23T17:48:54.701Z,2024-09-23T17:49:10.854Z,,,,,,,,,
66ed815bd69ba29408d997b5,Engates Rapidos,66a12817affe4f371ee44fb5,66ed80ccd69ba29408d9969d,66ed8077d69ba29408d9968c,66a12860affe4f371ee44fbd,,,,,,,,,,,,,,,,,,,,,,,true,true,true,true,,,,,,,,,,,,,,,,,,,,,,,90,60,40,120,,,,,,,,,,,,,,,,,,,,,,,90,60,40,120,,,,,,,,,,,,,,,,,,,,,,,66ed815bd69ba29408d997b6,66ed815bd69ba29408d997b7,66ed815bd69ba29408d997b8,66ed815bd69ba29408d997b9,,,,,,,,,,,,,,,,,,,,,,,Finalizado,0,,2024-10-07T14:00:21.862Z,2024-09-20T14:05:46.416Z,,,,,,,,,,,,,,,,,,,,,
66ed81bdd69ba29408d99948,Mangueira,66e1d33a63f404c3c040503a,65e87b68cb7a1ff3d9a82468,,,,,,,,,,,,,,,,,,,,,,,,,true,true,,,,,,,,,,,,,,,,,,,,,,,,,1000,36,,,,,,,,,,,,,,,,,,,,,,,,,1000,36,,,,,,,,,,,,,,,,,,,,,,,,,66ed81bdd69ba29408d99949,66ed81bdd69ba29408d9994a,,,,,,,,,,,,,,,,,,,,,,,,,Finalizado,0,,2024-10-03T19:33:33.296Z,2024-09-20T14:07:43.420Z,,,,,,,,,,,,,,,,,,,,,
66ed891dd69ba29408d9a801,Adesivo Preto Jateado,66ec3573d69ba29408d814e4,,,,,,,,,,,,,,,,,,,,,,,,,,true,,,,,,,,,,,,,,,,,,,,,,,,,,10,,,,,,,,,,,,,,,,,,,,,,,,,,10,,,,,,,,,,,,,,,,,,,,,,,,,,66ed891dd69ba29408d9a802,,,,,,,,,,,,,,,,,,,,,,,,,,Finalizado,0,,2024-09-20T14:59:05.164Z,2024-09-20T14:39:28.309Z,,,,,,,,,,,,,,,,,,,,,
66eda1e8d69ba29408d9e8d9,Mercado Livre,66ed89a2d69ba29408d9a924,66ed8986d69ba29408d9a91d,66a77cd0af9e4dcbc1745311,66ed8a5ed69ba29408d9a929,66ed8abdd69ba29408d9a92f,,,,,,,,,,,,,,,,,,,,,,true,true,true,true,true,,,,,,,,,,,,,,,,,,,,,,1,21,2,1,20,,,,,,,,,,,,,,,,,,,,,,1,21,2,1,20,,,,,,,,,,,,,,,,,,,,,,66eda1e8d69ba29408d9e8da,66eda1e8d69ba29408d9e8db,66eda1e8d69ba29408d9e8dc,66eda1e8d69ba29408d9e8dd,66eda1e8d69ba29408d9e8de,,,,,,,,,,,,,,,,,,,,,,Finalizado,0,,2024-09-24T14:22:53.010Z,2024-09-20T16:24:46.629Z,,,,,,,,,,,,,,,,,,,,,
66f698945ba08fb3b6d1d406,Endurecedor Farben / Pigmentos,666c8e319f14eab9a6d4db7f,664ba583141b36233cc192cc,65ea0f4e88af5449465bf504,662a7f23b2a5c05f0ccfaaef,65f81fd221502206e1869fde,65f8213606bf9ed72aefbd4f,65ea0eb988af5449465bf4f8,65ea0c5acaee68804da3dfb4,65ea0c3ccaee68804da3dfb0,660da6221da388a666db73b2,65f820b9ae3e279cf0b2a253,65d4801aad922a23eb762489,65e87b69cb7a1ff3d9a824ca,660da6d11da388a666db73f6,66f469725ba08fb3b6cf6e63,66f469be5ba08fb3b6cf6e6a,,,,,,,,,,,true,true,true,true,true,true,true,true,true,true,true,true,true,true,true,true,,,,,,,,,,,280,6,6,3,4,4,4,2,2,12,6,32,120,2,18,36,,,,,,,,,,,280,6,6,3,4,4,4,2,2,12,6,32,120,2,18,36,,,,,,,,,,,66f698945ba08fb3b6d1d407,66f698945ba08fb3b6d1d408,66f698945ba08fb3b6d1d409,66f698945ba08fb3b6d1d40a,66f698945ba08fb3b6d1d40c,66f698945ba08fb3b6d1d40d,66f698945ba08fb3b6d1d40e,66f698945ba08fb3b6d1d40f,66f698945ba08fb3b6d1d410,66f698945ba08fb3b6d1d411,66f698945ba08fb3b6d1d412,67068e4d607ddce94cc8787e,67068e4d607ddce94cc8787f,6706c702607ddce94cca7647,6706c702607ddce94cca7648,6706c702607ddce94cca7649,,,,,,,,,,,Finalizado,0,,2024-11-01T19:35:16.512Z,2024-09-27T11:24:18.048Z,,,,,,,,,,,,,,,,,,,,,
66faddf15145464d10e7f345,Mercado Livre,66fab9775145464d10e6ee89,66f311fb5ba08fb3b6cd0f92,669fe6688f3b6980f5db3e3a,66f311a15ba08fb3b6cd0f88,,,,,,,,,,,,,,,,,,,,,,,true,true,true,true,,,,,,,,,,,,,,,,,,,,,,,1,5,10,12,,,,,,,,,,,,,,,,,,,,,,,1,5,10,12,,,,,,,,,,,,,,,,,,,,,,,66faddf15145464d10e7f346,66faddf15145464d10e7f347,66faddf15145464d10e7f348,66faddf15145464d10e7f349,,,,,,,,,,,,,,,,,,,,,,,Finalizado,0,,2024-10-02T19:50:21.106Z,2024-09-30T17:19:29.725Z,,,,,,,,,,,,,,,,,,,,,
66feed175145464d10f2be17,Bobinas de Papel,66f2a590d69ba29408dcf2a2,,,,,,,,,,,,,,,,,,,,,,,,,,true,,,,,,,,,,,,,,,,,,,,,,,,,,1200,,,,,,,,,,,,,,,,,,,,,,,,,,1200,,,,,,,,,,,,,,,,,,,,,,,,,,66feed175145464d10f2be18,,,,,,,,,,,,,,,,,,,,,,,,,,Finalizado,0,,2024-11-07T18:17:56.404Z,2024-10-03T19:14:11.736Z,,,,,,,,,,,,,,,,,,,,,
66feede65145464d10f2c54d,Bolinha,66c792f3c6f2db25b1a7470f,66ce30330ad0ecdcf477815b,66fee7f15145464d10f2a662,66fee9365145464d10f2ac99,,,,,,,,,,,,,,,,,,,,,,,true,true,true,true,,,,,,,,,,,,,,,,,,,,,,,5,2,4,4,,,,,,,,,,,,,,,,,,,,,,,5,2,4,4,,,,,,,,,,,,,,,,,,,,,,,66feede65145464d10f2c54e,66feede65145464d10f2c54f,66feede65145464d10f2c550,66feede65145464d10f2c551,,,,,,,,,,,,,,,,,,,,,,,Finalizado,0,,2024-10-03T19:51:03.431Z,2024-10-03T19:17:38.321Z,,,,,,,,,,,,,,,,,,,,,
6703e5845145464d10f7e62f,Faixa Refletiva,65e87b68cb7a1ff3d9a82456,669fbd0c3a11deb1db44245d,,,,,,,,,,,,,,,,,,,,,,,,,true,true,,,,,,,,,,,,,,,,,,,,,,,,,400,400,,,,,,,,,,,,,,,,,,,,,,,,,400,400,,,,,,,,,,,,,,,,,,,,,,,,,6703e5845145464d10f7e630,6703e5845145464d10f7e631,,,,,,,,,,,,,,,,,,,,,,,,,Finalizado,0,,2024-10-17T13:56:34.023Z,2024-10-07T13:41:13.467Z,,,,,,,,,,,,,,,,,,,,,
670408265145464d10f8c72a,Mercado Livre,670407ec5145464d10f8c629,65e87b66cb7a1ff3d9a823f2,,,,,,,,,,,,,,,,,,,,,,,,,true,true,,,,,,,,,,,,,,,,,,,,,,,,,11,1,,,,,,,,,,,,,,,,,,,,,,,,,11,1,,,,,,,,,,,,,,,,,,,,,,,,,670408265145464d10f8c72b,670408265145464d10f8c72c,,,,,,,,,,,,,,,,,,,,,,,,,Finalizado,0,,2024-10-10T16:55:23.304Z,2024-10-07T16:10:42.580Z,,,,,,,,,,,,,,,,,,,,,
6706ad67607ddce94cc9a0c6,Bits Torx,668d837abde8fadf6747ef8d,67068bbc607ddce94cc8666a,,,,,,,,,,,,,,,,,,,,,,,,,true,true,,,,,,,,,,,,,,,,,,,,,,,,,30,7,,,,,,,,,,,,,,,,,,,,,,,,,30,7,,,,,,,,,,,,,,,,,,,,,,,,,6706ad67607ddce94cc9a0c7,6706ad67607ddce94cc9a0c8,,,,,,,,,,,,,,,,,,,,,,,,,Finalizado,0,,2024-10-17T13:56:34.209Z,2024-10-09T16:20:30.389Z,,,,,,,,,,,,,,,,,,,,,
6706c162607ddce94cca559e,Manguito,67068792607ddce94cc83e7b,670687c6607ddce94cc83f09,670687b4607ddce94cc83ed6,670686fb607ddce94cc83570,,,,,,,,,,,,,,,,,,,,,,,true,true,true,true,,,,,,,,,,,,,,,,,,,,,,,6,4,6,2,,,,,,,,,,,,,,,,,,,,,,,6,4,6,2,,,,,,,,,,,,,,,,,,,,,,,6706c162607ddce94cca559f,6706c162607ddce94cca55a0,6706c162607ddce94cca55a1,6706c162607ddce94cca55a2,,,,,,,,,,,,,,,,,,,,,,,Finalizado,0,,2024-10-11T18:41:18.703Z,2024-10-09T17:45:12.260Z,,,,,,,,,,,,,,,,,,,,,
67082855607ddce94ccd5b22,Pigmento Flurorescente,670827ac607ddce94ccd4bb7,66e878b9d2c1845436a80f9c,,,,,,,,,,,,,,,,,,,,,,,,,true,true,,,,,,,,,,,,,,,,,,,,,,,,,2,10,,,,,,,,,,,,,,,,,,,,,,,,,2,10,,,,,,,,,,,,,,,,,,,,,,,,,67082855607ddce94ccd5b23,67082855607ddce94ccd5b24,,,,,,,,,,,,,,,,,,,,,,,,,Finalizado,0,,2024-10-11T18:42:00.850Z,2024-10-10T19:17:21.091Z,,,,,,,,,,,,,,,,,,,,,
67100a09607ddce94cdfa8ea,Farben,65e87b6acb7a1ff3d9a824ec,65e87b69cb7a1ff3d9a824c0,65e87b69cb7a1ff3d9a824cc,65e87b69cb7a1ff3d9a824ce,65e87b69cb7a1ff3d9a824da,,,,,,,,,,,,,,,,,,,,,,true,true,true,true,true,,,,,,,,,,,,,,,,,,,,,,16,16,2,2,5,,,,,,,,,,,,,,,,,,,,,,16,16,2,2,5,,,,,,,,,,,,,,,,,,,,,,67100a09607ddce94cdfa8eb,67100a09607ddce94cdfa8ed,67100a09607ddce94cdfa8ee,67100a09607ddce94cdfa8ef,67100a09607ddce94cdfa8f0,,,,,,,,,,,,,,,,,,,,,,Finalizado,0,,2024-10-24T19:12:24.990Z,2024-10-16T18:44:41.058Z,,,,,,,,,,,,,,,,,,,,,
671104b6607ddce94ce15d58,Nipple,67110491607ddce94ce15cef,66fab9775145464d10e6ee89,,,,,,,,,,,,,,,,,,,,,,,,,true,true,,,,,,,,,,,,,,,,,,,,,,,,,12,60,,,,,,,,,,,,,,,,,,,,,,,,,12,60,,,,,,,,,,,,,,,,,,,,,,,,,671104b6607ddce94ce15d59,671104b6607ddce94ce15d5a,,,,,,,,,,,,,,,,,,,,,,,,,Finalizado,0,,2024-10-17T13:56:34.569Z,2024-10-17T12:35:32.757Z,,,,,,,,,,,,,,,,,,,,,
6712706e607ddce94ce4a3b5,Bolinha Embalagens,660305a8e10753b345fade09,67126fe7607ddce94ce4a313,67127015607ddce94ce4a31b,,,,,,,,,,,,,,,,,,,,,,,,false,false,false,,,,,,,,,,,,,,,,,,,,,,,,1,30,30,,,,,,,,,,,,,,,,,,,,,,,,1,30,30,,,,,,,,,,,,,,,,,,,,,,,,6712706e607ddce94ce4a3b6,6712706e607ddce94ce4a3b7,6712706e607ddce94ce4a3b8,,,,,,,,,,,,,,,,,,,,,,,,Finalizado,0,,2024-10-18T14:28:38.192Z,2024-10-18T14:27:17.703Z,,,,,,,,,,,,,,,,,,,,,
67129f0a607ddce94ce56dfe,Pigmento Amarelo,66e878b9d2c1845436a80f9c,,,,,,,,,,,,,,,,,,,,,,,,,,true,,,,,,,,,,,,,,,,,,,,,,,,,,20,,,,,,,,,,,,,,,,,,,,,,,,,,20,,,,,,,,,,,,,,,,,,,,,,,,,,67129f0a607ddce94ce56dff,,,,,,,,,,,,,,,,,,,,,,,,,,Finalizado,0,,2024-10-18T20:33:09.718Z,2024-10-18T17:46:15.673Z,,,,,,,,,,,,,,,,,,,,,
6712b659607ddce94ce5d6d4,Eletronica,6712b5aa607ddce94ce5d014,66a77cd0af9e4dcbc1745311,6712b612607ddce94ce5d647,,,,,,,,,,,,,,,,,,,,,,,,true,true,true,,,,,,,,,,,,,,,,,,,,,,,,3,3,1,,,,,,,,,,,,,,,,,,,,,,,,3,3,1,,,,,,,,,,,,,,,,,,,,,,,,6712b659607ddce94ce5d6d5,6712b659607ddce94ce5d6d6,6712b659607ddce94ce5d6d7,,,,,,,,,,,,,,,,,,,,,,,,Finalizado,0,,2024-10-21T14:27:57.030Z,2024-10-18T19:25:11.573Z,,,,,,,,,,,,,,,,,,,,,
6716681e18ce94802ed23796,Adere,65e87b6acb7a1ff3d9a824fa,65e87b6acb7a1ff3d9a824f8,,,,,,,,,,,,,,,,,,,,,,,,,true,true,,,,,,,,,,,,,,,,,,,,,,,,,240,2880,,,,,,,,,,,,,,,,,,,,,,,,,240,2880,,,,,,,,,,,,,,,,,,,,,,,,,6716681e18ce94802ed23797,6716681e18ce94802ed23798,,,,,,,,,,,,,,,,,,,,,,,,,Finalizado,0,,2024-10-29T12:24:57.762Z,2024-10-21T14:40:13.715Z,,,,,,,,,,,,,,,,,,,,,
671669c718ce94802ed2441d,Adesivo,670d6601607ddce94cd944ac,670d669a607ddce94cd94a7d,,,,,,,,,,,,,,,,,,,,,,,,,true,true,,,,,,,,,,,,,,,,,,,,,,,,,10.5,2,,,,,,,,,,,,,,,,,,,,,,,,,10.5,2,,,,,,,,,,,,,,,,,,,,,,,,,671669c718ce94802ed2441e,671669c718ce94802ed2441f,,,,,,,,,,,,,,,,,,,,,,,,,Finalizado,0,,2024-10-22T13:48:09.778Z,2024-10-21T14:48:09.825Z,,,,,,,,,,,,,,,,,,,,,
6717906618ce94802ed5af62,THINNER,660da6d11da388a666db73f6,,,,,,,,,,,,,,,,,,,,,,,,,,true,,,,,,,,,,,,,,,,,,,,,,,,,,4,,,,,,,,,,,,,,,,,,,,,,,,,,4,,,,,,,,,,,,,,,,,,,,,,,,,,6717906618ce94802ed5af63,,,,,,,,,,,,,,,,,,,,,,,,,,Finalizado,0,,2024-10-22T20:19:37.791Z,2024-10-22T11:44:43.224Z,,,,,,,,,,,,,,,,,,,,,
6717f8432de7c77f6fbed445,Soprador,65e87b69cb7a1ff3d9a8249c,,,,,,,,,,,,,,,,,,,,,,,,,,true,,,,,,,,,,,,,,,,,,,,,,,,,,4,,,,,,,,,,,,,,,,,,,,,,,,,,4,,,,,,,,,,,,,,,,,,,,,,,,,,6717f8432de7c77f6fbed446,,,,,,,,,,,,,,,,,,,,,,,,,,Finalizado,0,,2024-10-24T17:20:33.704Z,2024-10-22T19:08:39.214Z,,,,,,,,,,,,,,,,,,,,,
671b7a8df534af695bd7a085,Mensal Diluente/Desengraxante,65e87b69cb7a1ff3d9a824c0,65e87b69cb7a1ff3d9a824ca,,,,,,,,,,,,,,,,,,,,,,,,,true,true,,,,,,,,,,,,,,,,,,,,,,,,,112,386,,,,,,,,,,,,,,,,,,,,,,,,,112,386,,,,,,,,,,,,,,,,,,,,,,,,,671b7a8df534af695bd7a086,671b7a8df534af695bd7a087,,,,,,,,,,,,,,,,,,,,,,,,,Finalizado,0,,2024-11-01T19:35:17.406Z,2024-10-25T10:59:27.806Z,,,,,,,,,,,,,,,,,,,,,
67220a14f534af695be44131,Mensal Verniz,65e87b6acb7a1ff3d9a824ec,65e87b6ccb7a1ff3d9a82596,,,,,,,,,,,,,,,,,,,,,,,,,true,true,,,,,,,,,,,,,,,,,,,,,,,,,84,16,,,,,,,,,,,,,,,,,,,,,,,,,84,16,,,,,,,,,,,,,,,,,,,,,,,,,67220a14f534af695be44132,67220a14f534af695be44133,,,,,,,,,,,,,,,,,,,,,,,,,Finalizado,0,,2024-11-18T12:43:20.418Z,2024-10-29T19:24:36.896Z,,,,,,,,,,,,,,,,,,,,,
6722757bf534af695be62150,Luvas,65e87b69cb7a1ff3d9a824b2,65e87b69cb7a1ff3d9a824c4,,,,,,,,,,,,,,,,,,,,,,,,,true,true,,,,,,,,,,,,,,,,,,,,,,,,,288,144,,,,,,,,,,,,,,,,,,,,,,,,,288,144,,,,,,,,,,,,,,,,,,,,,,,,,6722757bf534af695be62151,6722757bf534af695be62152,,,,,,,,,,,,,,,,,,,,,,,,,Finalizado,0,,2024-10-31T12:38:38.397Z,2024-10-30T18:04:47.749Z,,,,,,,,,,,,,,,,,,,,,
67228f29f534af695be67cd0,Mercado Livre,66d056bf2537cfd91d21dfe3,67228ef4f534af695be67bbb,,,,,,,,,,,,,,,,,,,,,,,,,true,true,,,,,,,,,,,,,,,,,,,,,,,,,30,4,,,,,,,,,,,,,,,,,,,,,,,,,30,4,,,,,,,,,,,,,,,,,,,,,,,,,67228f29f534af695be67cd1,67228f29f534af695be67cd2,,,,,,,,,,,,,,,,,,,,,,,,,Finalizado,0,,2024-11-04T20:02:18.994Z,2024-10-30T19:54:46.733Z,,,,,,,,,,,,,,,,,,,,,
672a09001f160c3e0e0b1e1a,Mensal Bases/Pigmento AC,65e87b69cb7a1ff3d9a824ea,65e87b69cb7a1ff3d9a824d0,65e87b69cb7a1ff3d9a824da,65e87b69cb7a1ff3d9a824dc,65e87b69cb7a1ff3d9a824de,65d4801aad922a23eb762489,65e87b69cb7a1ff3d9a824e4,65eef727447ccdec47ac0b0d,660da6d11da388a666db73f6,,,,,,,,,,,,,,,,,,true,true,true,true,true,true,true,true,true,,,,,,,,,,,,,,,,,,6,4,8,8,12,88,14,12,4,,,,,,,,,,,,,,,,,,6,4,8,8,12,88,14,12,4,,,,,,,,,,,,,,,,,,672a09001f160c3e0e0b1e1b,672a09001f160c3e0e0b1e1c,672a09001f160c3e0e0b1e1d,672a09001f160c3e0e0b1e1e,672a09001f160c3e0e0b1e1f,672a09001f160c3e0e0b1e21,672a09001f160c3e0e0b1e22,672a09001f160c3e0e0b1e23,672a0cde1f160c3e0e0b3879,,,,,,,,,,,,,,,,,,Finalizado,0,,2024-11-27T19:57:59.367Z,2024-11-05T11:49:57.788Z,,,,,,,,,,,,,,,,,,,,,
6733ae0b9cdc24f1601827ee,Fita Crepe Amarela,65e87b68cb7a1ff3d9a82460,,,,,,,,,,,,,,,,,,,,,,,,,,false,,,,,,,,,,,,,,,,,,,,,,,,,,384,,,,,,,,,,,,,,,,,,,,,,,,,,384,,,,,,,,,,,,,,,,,,,,,,,,,,6733ae0b9cdc24f1601827ef,,,,,,,,,,,,,,,,,,,,,,,,,,Finalizado,0,,2024-11-13T18:10:13.850Z,2024-11-12T19:35:16.092Z,,,,,,,,,,,,,,,,,,,,,
673cd340e4f31a2032158092,Pedido Farben,65e87b69cb7a1ff3d9a824e4,65eef6bea888e47e817333ef,65eef727447ccdec47ac0b0d,65e87b6ccb7a1ff3d9a82596,65e87b69cb7a1ff3d9a824c0,65d4801aad922a23eb762489,,,,,,,,,,,,,,,,,,,,,true,true,true,true,true,true,,,,,,,,,,,,,,,,,,,,,16,38,12,32,24,40,,,,,,,,,,,,,,,,,,,,,16,38,12,32,24,40,,,,,,,,,,,,,,,,,,,,,673cd340e4f31a2032158093,673cd340e4f31a2032158095,673cd340e4f31a2032158096,673cd340e4f31a2032158098,673cd340e4f31a2032158099,673f3bd6e4f31a20321d95b1,,,,,,,,,,,,,,,,,,,,,Finalizado,0,,2025-01-17T14:24:17.428Z,2024-11-19T17:59:47.938Z,,,,,,,,,,,,,,,,,,,,,
674722e4e4f31a2032321e62,Farben,65e87b6ccb7a1ff3d9a82596,65e87b69cb7a1ff3d9a824c0,666c8e319f14eab9a6d4db7f,65e87b69cb7a1ff3d9a824e4,65eef6bea888e47e817333ef,65e87b69cb7a1ff3d9a824ea,65e87b69cb7a1ff3d9a824d2,65e87b69cb7a1ff3d9a824da,65e87b69cb7a1ff3d9a824dc,65e87b69cb7a1ff3d9a824de,65ea01b0ccec70770504976a,65ea03c1e3fddb288cb30d87,660da6d11da388a666db73f6,,,,,,,,,,,,,,true,true,true,true,true,true,true,true,true,true,true,true,true,,,,,,,,,,,,,,24,44,80,24,24,4,4,4,8,8,8,8,3,,,,,,,,,,,,,,24,44,80,24,24,4,4,4,8,8,8,8,3,,,,,,,,,,,,,,674722e4e4f31a2032321e64,674722e4e4f31a2032321e65,674722e4e4f31a2032321e67,674722e4e4f31a2032321e68,674722e4e4f31a2032321e69,674722e4e4f31a2032321e6a,674722e4e4f31a2032321e6b,674722e4e4f31a2032321e6c,674722e4e4f31a2032321e6d,674722e4e4f31a2032321e6e,674722e4e4f31a2032321e70,674722e4e4f31a2032321e72,67473bfae4f31a2032337edb,,,,,,,,,,,,,,Finalizado,0,,2025-01-14T17:13:24.601Z,2024-11-27T13:34:06.546Z,,,,,,,,,,,,,,,,,,,,,
674dec4ffbdc4b7107d2af5c,Bolinha,66ce30330ad0ecdcf477815b,660305a8e10753b345fade09,674debdffbdc4b7107d2ad35,,,,,,,,,,,,,,,,,,,,,,,,false,false,false,,,,,,,,,,,,,,,,,,,,,,,,4,2,10,,,,,,,,,,,,,,,,,,,,,,,,4,2,10,,,,,,,,,,,,,,,,,,,,,,,,674dec4ffbdc4b7107d2af5d,674dec4ffbdc4b7107d2af5e,674dec4ffbdc4b7107d2af5f,,,,,,,,,,,,,,,,,,,,,,,,Finalizado,0,,2024-12-03T16:29:19.714Z,2024-12-02T17:19:15.436Z,,,,,,,,,,,,,,,,,,,,,
67505ab0fbdc4b7107dc3ba3,Desengraxante,65e87b69cb7a1ff3d9a824ca,,,,,,,,,,,,,,,,,,,,,,,,,,true,,,,,,,,,,,,,,,,,,,,,,,,,,264,,,,,,,,,,,,,,,,,,,,,,,,,,264,,,,,,,,,,,,,,,,,,,,,,,,,,67505ab0fbdc4b7107dc3ba4,,,,,,,,,,,,,,,,,,,,,,,,,,Finalizado,0,,2025-01-14T17:09:10.299Z,2024-12-04T13:35:05.193Z,,,,,,,,,,,,,,,,,,,,,
6761e3b5fbdc4b7107182bc0,FARBEN diversos,6761e211fbdc4b7107181a5e,6761e260fbdc4b7107181d9a,65e87b6ccb7a1ff3d9a82596,67090718607ddce94ccf900e,660da6d11da388a666db73f6,,,,,,,,,,,,,,,,,,,,,,false,false,false,false,false,,,,,,,,,,,,,,,,,,,,,,4,4,16,8,4,,,,,,,,,,,,,,,,,,,,,,4,4,16,8,4,,,,,,,,,,,,,,,,,,,,,,6761e3b5fbdc4b7107182bc1,6761e3b5fbdc4b7107182bc2,6761e3b5fbdc4b7107182bc3,6761e3b5fbdc4b7107182bc4,6761e3b5fbdc4b7107182bc5,,,,,,,,,,,,,,,,,,,,,,Finalizado,0,,2025-02-04T10:59:04.794Z,2024-12-17T20:44:44.404Z,,,,,,,,,,,,,,,,,,,,,
678693f4fe42c8b0f0949dec,FARBEN,65e87b6acb7a1ff3d9a824ec,65e87b6ccb7a1ff3d9a82596,65e87b6ccb7a1ff3d9a82594,666c8e319f14eab9a6d4db7f,65e87b69cb7a1ff3d9a824c0,65eef727447ccdec47ac0b0d,65e87b69cb7a1ff3d9a824cc,65e87b69cb7a1ff3d9a824ce,65e87b69cb7a1ff3d9a824ea,65e87b69cb7a1ff3d9a824d0,65e87b69cb7a1ff3d9a824d2,65e87b69cb7a1ff3d9a824d6,65e87b69cb7a1ff3d9a824da,65e87b69cb7a1ff3d9a824dc,65ea107388af5449465bf514,65ea0f0c88af5449465bf500,65ea0cf588af5449465bf4d8,65f81f8b21502206e1869fda,660da6221da388a666db73b2,,,,,,,,true,true,true,true,true,true,true,true,true,true,true,true,true,true,true,true,true,true,true,,,,,,,,76,40,180,120,92,16,2,6,4,2,4,4,4,4,8,8,4,12,8,,,,,,,,76,40,180,120,92,16,2,6,4,2,4,4,4,4,8,8,4,12,8,,,,,,,,678693f4fe42c8b0f0949ded,678693f4fe42c8b0f0949dee,678693f4fe42c8b0f0949def,678693f4fe42c8b0f0949df0,678693f4fe42c8b0f0949df1,678693f4fe42c8b0f0949df2,678693f4fe42c8b0f0949df3,678693f4fe42c8b0f0949df4,678693f4fe42c8b0f0949df5,678693f4fe42c8b0f0949df6,678693f4fe42c8b0f0949df7,678693f4fe42c8b0f0949df8,678693f4fe42c8b0f0949df9,678693f4fe42c8b0f0949dfa,678693f4fe42c8b0f0949dfb,678693f4fe42c8b0f0949dfc,678693f4fe42c8b0f0949dfd,678693f4fe42c8b0f0949dfe,678693f4fe42c8b0f0949dff,,,,,,,,Finalizado,0,,2025-02-10T13:24:09.006Z,2025-01-14T16:34:43.046Z,,,,,,,,,,,,,,,,,,,,,
678fef30fe42c8b0f0aea8a0,Farben,66015136454b098035e4124a,65eef727447ccdec47ac0b0d,65d4801aad922a23eb762489,65ea0c5acaee68804da3dfb4,65ea0f0c88af5449465bf500,66f469725ba08fb3b6cf6e63,66f469be5ba08fb3b6cf6e6a,660da6d11da388a666db73f6,,,,,,,,,,,,,,,,,,,true,true,true,true,true,true,true,true,,,,,,,,,,,,,,,,,,,16,12,112,8,12,8,16,2,,,,,,,,,,,,,,,,,,,16,12,112,8,12,8,16,2,,,,,,,,,,,,,,,,,,,678fef30fe42c8b0f0aea8a1,678fef30fe42c8b0f0aea8a2,678fef30fe42c8b0f0aea8a3,678fef30fe42c8b0f0aea8a4,678fef30fe42c8b0f0aea8a5,678fef30fe42c8b0f0aea8a6,678fef30fe42c8b0f0aea8a7,6790f0abfe42c8b0f0b1d943,,,,,,,,,,,,,,,,,,,Finalizado,0,,2025-02-17T18:36:49.970Z,2025-01-21T18:57:37.016Z,,,,,,,,,,,,,,,,,,,,,
67926ee8fe42c8b0f0b96c6f,PIGMENTOS,65e87b69cb7a1ff3d9a824cc,65e87b69cb7a1ff3d9a824ce,65e87b69cb7a1ff3d9a824ea,65e87b69cb7a1ff3d9a824d0,65e87b69cb7a1ff3d9a824d2,65e87b69cb7a1ff3d9a824d6,65e87b69cb7a1ff3d9a824da,65e87b69cb7a1ff3d9a824de,65e87b69cb7a1ff3d9a824e2,662287df995b20f4fcc4f3d4,65ea0c5acaee68804da3dfb4,65ea0f9b88af5449465bf508,65ea107388af5449465bf514,660da5b52fd6df2c5cc9e6c2,65ea0f0c88af5449465bf500,65ea0e5788af5449465bf4f0,65ea0cbc88af5449465bf4d0,65ea0cf588af5449465bf4d8,65ea0e3988af5449465bf4ec,65f81f8b21502206e1869fda,65f8200421502206e1869fe2,662a7ee84c5f2c4dd5549aa4,65ea0352ccec707705049770,65ea03c1e3fddb288cb30d87,,,true,true,true,true,true,true,true,true,true,true,true,true,true,true,true,true,true,true,true,true,true,true,true,true,,,2,6,2,4,4,4,4,10,3,4,8,4,4,4,8,4,4,4,8,8,4,4,4,14,,,2,6,2,4,4,4,4,10,3,4,8,4,4,4,8,4,4,4,8,8,4,4,4,14,,,67926ee8fe42c8b0f0b96c70,67926ee8fe42c8b0f0b96c71,67926ee8fe42c8b0f0b96c72,67926ee8fe42c8b0f0b96c73,67926ee8fe42c8b0f0b96c74,67926ee8fe42c8b0f0b96c75,67926ee8fe42c8b0f0b96c76,67926ee8fe42c8b0f0b96c77,67926ee8fe42c8b0f0b96c78,67926ee8fe42c8b0f0b96c79,67926ee8fe42c8b0f0b96c7a,67926ee8fe42c8b0f0b96c7b,67926ee8fe42c8b0f0b96c7c,67926ee8fe42c8b0f0b96c7d,67926ee8fe42c8b0f0b96c7e,67926ee8fe42c8b0f0b96c80,67926ee8fe42c8b0f0b96c81,67926ee8fe42c8b0f0b96c82,67926ee8fe42c8b0f0b96c83,67926ee8fe42c8b0f0b96c84,67926ee8fe42c8b0f0b96c85,67926ee8fe42c8b0f0b96c86,67926ee8fe42c8b0f0b96c87,67926ee8fe42c8b0f0b96c88,,,Finalizado,0,,2025-02-26T18:36:10.077Z,2025-01-23T16:20:36.995Z,,,,,,,,,,,,,,,,,,,,,
6797ca09fe42c8b0f0c4b20a,Fita amarela,65e87b68cb7a1ff3d9a82460,,,,,,,,,,,,,,,,,,,,,,,,,,false,,,,,,,,,,,,,,,,,,,,,,,,,,384,,,,,,,,,,,,,,,,,,,,,,,,,,384,,,,,,,,,,,,,,,,,,,,,,,,,,6797ca09fe42c8b0f0c4b20b,,,,,,,,,,,,,,,,,,,,,,,,,,Finalizado,0,,2025-01-27T18:05:46.264Z,2025-01-27T18:01:10.659Z,,,,,,,,,,,,,,,,,,,,,
6797cae7fe42c8b0f0c4bf21,Sikaflex,6797ca97fe42c8b0f0c4b501,6797cac1fe42c8b0f0c4b5bb,,,,,,,,,,,,,,,,,,,,,,,,,false,false,,,,,,,,,,,,,,,,,,,,,,,,,60,24,,,,,,,,,,,,,,,,,,,,,,,,,60,24,,,,,,,,,,,,,,,,,,,,,,,,,6797cae7fe42c8b0f0c4bf22,6797cae7fe42c8b0f0c4bf23,,,,,,,,,,,,,,,,,,,,,,,,,Finalizado,0,,2025-01-27T18:06:33.155Z,2025-01-27T18:05:02.638Z,,,,,,,,,,,,,,,,,,,,,
6797cb11fe42c8b0f0c4c0ba,Luva Pintura,66a77cd0af9e4dcbc1745311,,,,,,,,,,,,,,,,,,,,,,,,,,false,,,,,,,,,,,,,,,,,,,,,,,,,,350,,,,,,,,,,,,,,,,,,,,,,,,,,350,,,,,,,,,,,,,,,,,,,,,,,,,,6797cb11fe42c8b0f0c4c0bb,,,,,,,,,,,,,,,,,,,,,,,,,,Finalizado,0,,2025-01-27T18:44:23.066Z,2025-01-27T18:05:30.533Z,,,,,,,,,,,,,,,,,,,,,
679b57adfe42c8b0f0d3367d,DESENGRAXANTE,65e87b69cb7a1ff3d9a824ca,,,,,,,,,,,,,,,,,,,,,,,,,,true,,,,,,,,,,,,,,,,,,,,,,,,,,384,,,,,,,,,,,,,,,,,,,,,,,,,,384,,,,,,,,,,,,,,,,,,,,,,,,,,679b57adfe42c8b0f0d3367e,,,,,,,,,,,,,,,,,,,,,,,,,,Finalizado,0,,2025-02-17T18:36:50.349Z,2025-01-30T10:41:59.574Z,,,,,,,,,,,,,,,,,,,,,
67a4faf6fe42c8b0f0ed8ca2,thinner,660da6d11da388a666db73f6,,,,,,,,,,,,,,,,,,,,,,,,,,true,,,,,,,,,,,,,,,,,,,,,,,,,,2,,,,,,,,,,,,,,,,,,,,,,,,,,2,,,,,,,,,,,,,,,,,,,,,,,,,,67a4faf6fe42c8b0f0ed8ca3,,,,,,,,,,,,,,,,,,,,,,,,,,Finalizado,0,,2025-02-10T13:24:09.734Z,2025-02-06T18:09:15.132Z,,,,,,,,,,,,,,,,,,,,,
67aa139afe42c8b0f0f3776a,DESENGRAXANTE,65e87b69cb7a1ff3d9a824ca,,,,,,,,,,,,,,,,,,,,,,,,,,true,,,,,,,,,,,,,,,,,,,,,,,,,,108,,,,,,,,,,,,,,,,,,,,,,,,,,108,,,,,,,,,,,,,,,,,,,,,,,,,,67aa139afe42c8b0f0f3776b,,,,,,,,,,,,,,,,,,,,,,,,,,Finalizado,0,,2025-02-17T18:36:50.528Z,2025-02-10T14:55:37.790Z,,,,,,,,,,,,,,,,,,,,,
67af4baa75e6540426304ae2,THINNER,66ec3541d69ba29408d81405,660da6d11da388a666db73f6,,,,,,,,,,,,,,,,,,,,,,,,,true,true,,,,,,,,,,,,,,,,,,,,,,,,,6,2,,,,,,,,,,,,,,,,,,,,,,,,,6,2,,,,,,,,,,,,,,,,,,,,,,,,,67af4baa75e6540426304ae3,67af4baa75e6540426304ae4,,,,,,,,,,,,,,,,,,,,,,,,,Finalizado,0,,2025-02-21T17:27:07.655Z,2025-02-14T13:56:09.563Z,,,,,,,,,,,,,,,,,,,,,
67b384a675e654042633d3b1,MASSA POLIESTER,67b3841f75e654042633c95d,65f980aa091f0f385e34562a,,,,,,,,,,,,,,,,,,,,,,,,,true,true,,,,,,,,,,,,,,,,,,,,,,,,,23,7,,,,,,,,,,,,,,,,,,,,,,,,,23,7,,,,,,,,,,,,,,,,,,,,,,,,,67b384a675e654042633d3b2,67b384a675e654042633d3b3,,,,,,,,,,,,,,,,,,,,,,,,,Finalizado,0,,2025-02-21T17:27:07.840Z,2025-02-17T18:48:42.884Z,,,,,,,,,,,,,,,,,,,,,
67b4c16a75e6540426376540,Estoque,66310497c65d588351e58e08,660bde09cbcffdc11f0549c3,66e1c56f63f404c3c040043e,67b4c01a75e6540426375bdd,660be47f3e55146e13564e16,67b4c0d775e6540426376532,6655b9e829a1568248b125ea,6655bb0529a1568248b12674,,,,,,,,,,,,,,,,,,,true,true,true,true,true,true,true,true,,,,,,,,,,,,,,,,,,,400,400,500,200,800,400,400,400,,,,,,,,,,,,,,,,,,,400,400,500,200,800,400,400,400,,,,,,,,,,,,,,,,,,,67b4c16a75e6540426376541,67b4c16a75e6540426376542,67b4c16a75e6540426376543,67b4c16a75e6540426376544,67b4c16a75e6540426376545,67b4c16a75e6540426376546,67b4c16a75e6540426376547,67b4c16a75e6540426376548,,,,,,,,,,,,,,,,,,,Finalizado,0,,2025-02-26T18:17:28.594Z,2025-02-18T17:15:10.102Z,,,,,,,,,,,,,,,,,,,,,
67b5df7475e654042638259d,removedor,65e87b69cb7a1ff3d9a824c6,,,,,,,,,,,,,,,,,,,,,,,,,,true,,,,,,,,,,,,,,,,,,,,,,,,,,12,,,,,,,,,,,,,,,,,,,,,,,,,,12,,,,,,,,,,,,,,,,,,,,,,,,,,67b5df7475e654042638259e,,,,,,,,,,,,,,,,,,,,,,,,,,Finalizado,0,,2025-03-06T12:46:04.668Z,2025-02-19T13:40:47.992Z,,,,,,,,,,,,,,,,,,,,,
67bc776a2ec7bca7f77e59da,THINNER,660da6d11da388a666db73f6,,,,,,,,,,,,,,,,,,,,,,,,,,false,,,,,,,,,,,,,,,,,,,,,,,,,,2,,,,,,,,,,,,,,,,,,,,,,,,,,2,,,,,,,,,,,,,,,,,,,,,,,,,,67bc776a2ec7bca7f77e59db,,,,,,,,,,,,,,,,,,,,,,,,,,Finalizado,0,,2025-02-26T18:07:51.551Z,2025-02-24T13:42:39.548Z,,,,,,,,,,,,,,,,,,,,,
67bcaef82ec7bca7f77fc27a,BOLINHA,660305a8e10753b345fade09,66c79278c6f2db25b1a74707,,,,,,,,,,,,,,,,,,,,,,,,,false,false,,,,,,,,,,,,,,,,,,,,,,,,,3,50,,,,,,,,,,,,,,,,,,,,,,,,,3,50,,,,,,,,,,,,,,,,,,,,,,,,,67bcaef82ec7bca7f77fc27b,67bcaef82ec7bca7f77fc27c,,,,,,,,,,,,,,,,,,,,,,,,,Finalizado,0,,2025-02-26T18:06:21.182Z,2025-02-24T17:39:04.083Z,,,,,,,,,,,,,,,,,,,,,
67bf65632ec7bca7f78683dd,Verniz,65e87b6acb7a1ff3d9a824ec,65e87b6ccb7a1ff3d9a82596,,,,,,,,,,,,,,,,,,,,,,,,,true,true,,,,,,,,,,,,,,,,,,,,,,,,,136,88,,,,,,,,,,,,,,,,,,,,,,,,,136,88,,,,,,,,,,,,,,,,,,,,,,,,,67bf65632ec7bca7f78683de,67bf65632ec7bca7f78683df,,,,,,,,,,,,,,,,,,,,,,,,,Finalizado,0,,2025-04-01T12:28:31.465Z,2025-02-26T19:01:34.087Z,,,,,,,,,,,,,,,,,,,,,
67bf66062ec7bca7f7868473,Diluente / endurecedor,65e87b69cb7a1ff3d9a824c0,666c8e319f14eab9a6d4db7f,,,,,,,,,,,,,,,,,,,,,,,,,true,true,,,,,,,,,,,,,,,,,,,,,,,,,200,516,,,,,,,,,,,,,,,,,,,,,,,,,200,516,,,,,,,,,,,,,,,,,,,,,,,,,67bf66062ec7bca7f7868474,67c04d87e29c6b8962ccd6e1,,,,,,,,,,,,,,,,,,,,,,,,,Finalizado,0,,2025-03-10T13:18:42.921Z,2025-02-26T19:04:42.449Z,,,,,,,,,,,,,,,,,,,,,
67bf67042ec7bca7f78684e6,Bases,66015136454b098035e4124a,65d4801aad922a23eb762489,665dbc10630dded4026d9e64,65e9ffd93766f39fe76fb94d,,,,,,,,,,,,,,,,,,,,,,,false,false,false,false,,,,,,,,,,,,,,,,,,,,,,,20,60,8,24,,,,,,,,,,,,,,,,,,,,,,,20,60,8,24,,,,,,,,,,,,,,,,,,,,,,,67bf67042ec7bca7f78684e7,67bf67042ec7bca7f78684e9,67bf67042ec7bca7f78684ea,67d02e0be29c6b8962dc0736,,,,,,,,,,,,,,,,,,,,,,,Finalizado,0,,2025-03-18T16:52:58.399Z,2025-02-26T19:07:21.719Z,,,,,,,,,,,,,,,,,,,,,
67bf6afb2ec7bca7f7869919,Pigmentos,65e87b69cb7a1ff3d9a824de,65e87b69cb7a1ff3d9a824e2,65ea0d5d88af5449465bf4e0,65e87b69cb7a1ff3d9a824d6,65ea0e3988af5449465bf4ec,65ea0eb988af5449465bf4f8,65ea0450e3fddb288cb30d8b,,,,,,,,,,,,,,,,,,,,true,true,true,true,true,true,true,,,,,,,,,,,,,,,,,,,,4,4,8,4,8,4,8,,,,,,,,,,,,,,,,,,,,4,4,8,4,8,4,8,,,,,,,,,,,,,,,,,,,,67bf6afb2ec7bca7f786991a,67bf6afb2ec7bca7f786991b,67bf6afb2ec7bca7f786991c,67bf6afb2ec7bca7f786991d,67bf6afb2ec7bca7f786991e,67bf6afb2ec7bca7f786991f,67bf6afb2ec7bca7f7869920,,,,,,,,,,,,,,,,,,,,Finalizado,0,,2025-03-31T11:48:23.575Z,2025-02-26T19:13:37.120Z,,,,,,,,,,,,,,,,,,,,,
67d02aeee29c6b8962dbeb6e,THINNER,660da6d11da388a666db73f6,,,,,,,,,,,,,,,,,,,,,,,,,,true,,,,,,,,,,,,,,,,,,,,,,,,,,2,,,,,,,,,,,,,,,,,,,,,,,,,,2,,,,,,,,,,,,,,,,,,,,,,,,,,67d02aeee29c6b8962dbeb6f,,,,,,,,,,,,,,,,,,,,,,,,,,Finalizado,0,,2025-03-19T14:47:52.192Z,2025-03-11T12:21:37.292Z,,,,,,,,,,,,,,,,,,,,,
67d02cefe29c6b8962dbfdc8,PRETO CHASSIS,666315ff29953840aa6e68a6,,,,,,,,,,,,,,,,,,,,,,,,,,true,,,,,,,,,,,,,,,,,,,,,,,,,,12,,,,,,,,,,,,,,,,,,,,,,,,,,12,,,,,,,,,,,,,,,,,,,,,,,,,,67d02cefe29c6b8962dbfdc9,,,,,,,,,,,,,,,,,,,,,,,,,,Finalizado,0,,2025-03-18T16:52:58.946Z,2025-03-11T12:29:57.749Z,,,,,,,,,,,,,,,,,,,,,
67d1e3e1e29c6b8962e05049,Regulador de PressÃ£o,670407ec5145464d10f8c629,,,,,,,,,,,,,,,,,,,,,,,,,,false,,,,,,,,,,,,,,,,,,,,,,,,,,25,,,,,,,,,,,,,,,,,,,,,,,,,,25,,,,,,,,,,,,,,,,,,,,,,,,,,67d1e3e1e29c6b8962e0504a,,,,,,,,,,,,,,,,,,,,,,,,,,Finalizado,0,,2025-03-18T18:21:39.697Z,2025-03-12T19:42:41.505Z,,,,,,,,,,,,,,,,,,,,,
67d43526e29c6b8962e56294,Adesivos Vinyl,6716673518ce94802ed22e42,663a6f49d98e2878d6fc6d19,,,,,,,,,,,,,,,,,,,,,,,,,false,false,,,,,,,,,,,,,,,,,,,,,,,,,2,5,,,,,,,,,,,,,,,,,,,,,,,,,2,5,,,,,,,,,,,,,,,,,,,,,,,,,67d43526e29c6b8962e56295,67d43526e29c6b8962e56296,,,,,,,,,,,,,,,,,,,,,,,,,Finalizado,0,,2025-03-14T13:55:18.421Z,2025-03-14T13:54:23.340Z,,,,,,,,,,,,,,,,,,,,,
67d9cee9e29c6b8962ea3c52,Soprador Vonder,65e87b69cb7a1ff3d9a8249c,,,,,,,,,,,,,,,,,,,,,,,,,,true,,,,,,,,,,,,,,,,,,,,,,,,,,8,,,,,,,,,,,,,,,,,,,,,,,,,,8,,,,,,,,,,,,,,,,,,,,,,,,,,67d9cee9e29c6b8962ea3c53,,,,,,,,,,,,,,,,,,,,,,,,,,Finalizado,0,,2025-03-21T18:24:46.137Z,2025-03-18T19:51:53.413Z,,,,,,,,,,,,,,,,,,,,,
67dc088ae29c6b8962eeaf55,Disco de Interface,669fe6688f3b6980f5db3e3a,,,,,,,,,,,,,,,,,,,,,,,,,,true,,,,,,,,,,,,,,,,,,,,,,,,,,10,,,,,,,,,,,,,,,,,,,,,,,,,,10,,,,,,,,,,,,,,,,,,,,,,,,,,67dc088ae29c6b8962eeaf56,,,,,,,,,,,,,,,,,,,,,,,,,,Finalizado,0,,2025-03-26T18:56:51.189Z,2025-03-20T12:22:19.113Z,,,,,,,,,,,,,,,,,,,,,
67dc08b9e29c6b8962eeafea,PINCEL / ESPÃTULA,65e87b69cb7a1ff3d9a824b8,65e87b6acb7a1ff3d9a824f4,,,,,,,,,,,,,,,,,,,,,,,,,true,true,,,,,,,,,,,,,,,,,,,,,,,,,12,100,,,,,,,,,,,,,,,,,,,,,,,,,12,100,,,,,,,,,,,,,,,,,,,,,,,,,67dc08b9e29c6b8962eeafeb,67dc08b9e29c6b8962eeafec,,,,,,,,,,,,,,,,,,,,,,,,,Finalizado,0,,2025-03-21T18:35:44.154Z,2025-03-20T12:22:36.230Z,,,,,,,,,,,,,,,,,,,,,
67dc294de29c6b8962eecb12,Dislon,65e87b6acb7a1ff3d9a824fc,65e87b69cb7a1ff3d9a824c4,,,,,,,,,,,,,,,,,,,,,,,,,true,true,,,,,,,,,,,,,,,,,,,,,,,,,1000,144,,,,,,,,,,,,,,,,,,,,,,,,,1000,144,,,,,,,,,,,,,,,,,,,,,,,,,67dc294de29c6b8962eecb13,67dc294de29c6b8962eecb14,,,,,,,,,,,,,,,,,,,,,,,,,Finalizado,0,,2025-03-21T14:47:09.428Z,2025-03-20T14:41:49.034Z,,,,,,,,,,,,,,,,,,,,,
67e149dae29c6b8962efc1b4,THINNER,660da6d11da388a666db73f6,,,,,,,,,,,,,,,,,,,,,,,,,,false,,,,,,,,,,,,,,,,,,,,,,,,,,2,,,,,,,,,,,,,,,,,,,,,,,,,,2,,,,,,,,,,,,,,,,,,,,,,,,,,67e149dae29c6b8962efc1b5,,,,,,,,,,,,,,,,,,,,,,,,,,Finalizado,0,,2025-03-27T10:42:04.463Z,2025-03-24T12:02:17.527Z,,,,,,,,,,,,,,,,,,,,,
67e450b0e29c6b8962f66a03,FARBEN REPARO,65f980aa091f0f385e34562a,67090718607ddce94ccf900e,67f036822dc8370d5e0a818b,,,,,,,,,,,,,,,,,,,,,,,,true,true,true,,,,,,,,,,,,,,,,,,,,,,,,12,12,12,,,,,,,,,,,,,,,,,,,,,,,,12,12,12,,,,,,,,,,,,,,,,,,,,,,,,67e450b0e29c6b8962f66a04,67e450b0e29c6b8962f66a06,67f036b92dc8370d5e0a81b0,,,,,,,,,,,,,,,,,,,,,,,,Finalizado,0,,2025-04-15T18:40:22.286Z,2025-03-26T19:00:47.979Z,,,,,,,,,,,,,,,,,,,,,
67ebe02c2dc8370d5efbb844,Diluente / Desengraxante,65e87b69cb7a1ff3d9a824c0,65e87b69cb7a1ff3d9a824ca,,,,,,,,,,,,,,,,,,,,,,,,,true,true,,,,,,,,,,,,,,,,,,,,,,,,,72,240,,,,,,,,,,,,,,,,,,,,,,,,,72,240,,,,,,,,,,,,,,,,,,,,,,,,,67ebe02c2dc8370d5efbb845,67ebe02c2dc8370d5efbb846,,,,,,,,,,,,,,,,,,,,,,,,,Finalizado,0,,2025-04-15T18:40:22.472Z,2025-04-01T12:40:40.433Z,,,,,,,,,,,,,,,,,,,,,
67ed64dc2dc8370d5e00cab7,Faixas Refletivas,65e87b68cb7a1ff3d9a82456,669fbd0c3a11deb1db44245d,,,,,,,,,,,,,,,,,,,,,,,,,true,true,,,,,,,,,,,,,,,,,,,,,,,,,1000,800,,,,,,,,,,,,,,,,,,,,,,,,,1000,800,,,,,,,,,,,,,,,,,,,,,,,,,67ed64dc2dc8370d5e00cab8,67ed64dc2dc8370d5e00cab9,,,,,,,,,,,,,,,,,,,,,,,,,Finalizado,0,,2025-04-09T19:41:45.875Z,2025-04-02T16:24:35.859Z,,,,,,,,,,,,,,,,,,,,,
67ed69742dc8370d5e00de6c,Chapas Compensado,67ed69602dc8370d5e00de50,,,,,,,,,,,,,,,,,,,,,,,,,,true,,,,,,,,,,,,,,,,,,,,,,,,,,22,,,,,,,,,,,,,,,,,,,,,,,,,,22,,,,,,,,,,,,,,,,,,,,,,,,,,67ed69742dc8370d5e00de6d,,,,,,,,,,,,,,,,,,,,,,,,,,Finalizado,0,,2025-04-08T13:55:30.936Z,2025-04-02T16:44:18.666Z,,,,,,,,,,,,,,,,,,,,,
67ed805a2dc8370d5e01ae85,Estopa Fiapo,65e87b67cb7a1ff3d9a82434,,,,,,,,,,,,,,,,,,,,,,,,,,true,,,,,,,,,,,,,,,,,,,,,,,,,,120,,,,,,,,,,,,,,,,,,,,,,,,,,120,,,,,,,,,,,,,,,,,,,,,,,,,,67ed805a2dc8370d5e01ae86,,,,,,,,,,,,,,,,,,,,,,,,,,Finalizado,0,,2025-04-07T20:24:27.668Z,2025-04-02T18:21:40.976Z,,,,,,,,,,,,,,,,,,,,,
67eeea092dc8370d5e06c49a,Reajuste Dislon,65e87b6acb7a1ff3d9a824fc,65e87b69cb7a1ff3d9a824b2,65e87b69cb7a1ff3d9a824c4,668d8259bde8fadf6747eeb5,668d8228bde8fadf6747ee74,,,,,,,,,,,,,,,,,,,,,,true,true,true,true,true,,,,,,,,,,,,,,,,,,,,,,800,144,144,3,3,,,,,,,,,,,,,,,,,,,,,,800,144,144,3,3,,,,,,,,,,,,,,,,,,,,,,67eeea092dc8370d5e06c49b,67eeea092dc8370d5e06c49c,67eeea092dc8370d5e06c49d,67eeea092dc8370d5e06c49e,67eeea092dc8370d5e06c49f,,,,,,,,,,,,,,,,,,,,,,Finalizado,0,,2025-04-08T13:55:31.117Z,2025-04-03T20:01:26.465Z,,,,,,,,,,,,,,,,,,,,,
67f0373e2dc8370d5e0a8318,THINNER,660da6d11da388a666db73f6,,,,,,,,,,,,,,,,,,,,,,,,,,true,,,,,,,,,,,,,,,,,,,,,,,,,,2,,,,,,,,,,,,,,,,,,,,,,,,,,2,,,,,,,,,,,,,,,,,,,,,,,,,,67f0373e2dc8370d5e0a8319,,,,,,,,,,,,,,,,,,,,,,,,,,Finalizado,0,,2025-04-08T14:04:10.457Z,2025-04-04T19:46:54.048Z,,,,,,,,,,,,,,,,,,,,,
67fcf4882dc8370d5e213abb,THINNER,660da6d11da388a666db73f6,,,,,,,,,,,,,,,,,,,,,,,,,,true,,,,,,,,,,,,,,,,,,,,,,,,,,2,,,,,,,,,,,,,,,,,,,,,,,,,,2,,,,,,,,,,,,,,,,,,,,,,,,,,67fcf4882dc8370d5e213abc,,,,,,,,,,,,,,,,,,,,,,,,,,Finalizado,0,,2025-04-15T18:40:22.829Z,2025-04-14T11:41:47.086Z,,,,,,,,,,,,,,,,,,,,,
67fead082dc8370d5e29c568,PIGMENTOS FARBEN,65e87b69cb7a1ff3d9a824ce,65e87b69cb7a1ff3d9a824ea,65e87b69cb7a1ff3d9a824de,65ea0c3ccaee68804da3dfb0,660da5b52fd6df2c5cc9e6c2,6628112cb51173de0ebda815,65ea0e5788af5449465bf4f0,6620073ab18ad27a975a662b,65ea0cbc88af5449465bf4d0,65ea0e9d88af5449465bf4f4,65ea0eb988af5449465bf4f8,65ea01b0ccec70770504976a,65ea047ee3fddb288cb30d8f,65f8213606bf9ed72aefbd4f,662a7ec74c5f2c4dd5549aa0,65f8200421502206e1869fe2,662c0f78683ab0b861cdb382,662a7ee84c5f2c4dd5549aa4,65ea02c3fd35a7ec8989460d,65f8204821502206e1869fe6,664b9f39141b36233cc1905c,664ba047141b36233cc19120,65ea0352ccec707705049770,664ba52c141b36233cc192c7,65ea03c1e3fddb288cb30d87,65ea0450e3fddb288cb30d8b,true,true,true,true,true,true,true,true,true,true,true,true,true,true,true,true,true,true,true,true,true,true,true,true,true,true,4,4,4,4,8,8,4,4,4,12,8,8,4,16,8,4,4,4,16,4,12,12,4,8,4,4,4,4,4,4,8,8,4,4,4,12,8,8,4,16,8,4,4,4,16,4,12,12,4,8,4,4,67fead082dc8370d5e29c569,67fead082dc8370d5e29c56a,67fead082dc8370d5e29c56b,67fead082dc8370d5e29c56c,67fead082dc8370d5e29c56d,67fead082dc8370d5e29c56e,67fead082dc8370d5e29c56f,67fead082dc8370d5e29c570,67fead082dc8370d5e29c571,67fead082dc8370d5e29c572,67fead082dc8370d5e29c573,67fead082dc8370d5e29c574,67fead082dc8370d5e29c575,67fead082dc8370d5e29c576,67fead082dc8370d5e29c577,67fead082dc8370d5e29c578,67fead082dc8370d5e29c579,67fead082dc8370d5e29c57a,67fead082dc8370d5e29c57b,67fead082dc8370d5e29c57c,67fead082dc8370d5e29c57d,67fead082dc8370d5e29c57e,67fead082dc8370d5e29c57f,67fead082dc8370d5e29c580,67fead082dc8370d5e29c581,67fead082dc8370d5e29c582,Finalizado,0,,2025-06-10T16:50:15.258Z,2025-04-15T18:52:16.078Z,,,,,,,,,,,,,,,,,,,,,
680130872dc8370d5e318836,Sikaflex,6797ca97fe42c8b0f0c4b501,6797cac1fe42c8b0f0c4b5bb,,,,,,,,,,,,,,,,,,,,,,,,,true,true,,,,,,,,,,,,,,,,,,,,,,,,,72,24,,,,,,,,,,,,,,,,,,,,,,,,,72,24,,,,,,,,,,,,,,,,,,,,,,,,,680130872dc8370d5e318837,680130872dc8370d5e318838,,,,,,,,,,,,,,,,,,,,,,,,,Finalizado,0,,2025-04-22T12:44:27.832Z,2025-04-17T16:45:10.649Z,,,,,,,,,,,,,,,,,,,,,
68091a90b84edfb36979553b,Bolinha,66fee7f15145464d10f2a662,66c791b0c6f2db25b1a746d9,66c79338c6f2db25b1a7472c,66ce2fe80ad0ecdcf4778145,660305a8e10753b345fade09,66ce30330ad0ecdcf477815b,68091a4bb84edfb369795527,,,,,,,,,,,,,,,,,,,,true,true,true,true,true,true,true,,,,,,,,,,,,,,,,,,,,4,1,1,1,1,4,10,,,,,,,,,,,,,,,,,,,,4,1,1,1,1,4,10,,,,,,,,,,,,,,,,,,,,68091a90b84edfb36979553c,68091a90b84edfb36979553d,68091a90b84edfb36979553e,68091a90b84edfb36979553f,68091a90b84edfb369795540,68091a90b84edfb369795541,68091a90b84edfb369795542,,,,,,,,,,,,,,,,,,,,Finalizado,0,,2025-04-23T18:34:35.207Z,2025-04-23T16:46:18.796Z,,,,,,,,,,,,,,,,,,,,,
680a3071b84edfb3697c7f4b,BASES 01,66015136454b098035e4124a,65d4801aad922a23eb762489,65e9ffd93766f39fe76fb94d,65eef6bea888e47e817333ef,65eef727447ccdec47ac0b0d,65e87b69cb7a1ff3d9a824e4,,,,,,,,,,,,,,,,,,,,,true,true,true,true,true,true,,,,,,,,,,,,,,,,,,,,,36,59,2,40,1,27,,,,,,,,,,,,,,,,,,,,,36,59,2,40,1,27,,,,,,,,,,,,,,,,,,,,,680a3071b84edfb3697c7f4c,680a3071b84edfb3697c7f4d,680a3071b84edfb3697c7f4e,680a3071b84edfb3697c7f4f,680a3071b84edfb3697c7f50,680a3071b84edfb3697c7f51,,,,,,,,,,,,,,,,,,,,,Finalizado,0,,2025-04-25T12:30:56.854Z,2025-04-24T12:35:07.807Z,,,,,,,,,,,,,,,,,,,,,
680a30e7b84edfb3697c8a95,BASES 02,66015136454b098035e4124a,665dbc10630dded4026d9e64,65e87b69cb7a1ff3d9a824e4,65d4801aad922a23eb762489,65e9ffd93766f39fe76fb94d,65eef727447ccdec47ac0b0d,,,,,,,,,,,,,,,,,,,,,true,true,true,true,true,true,,,,,,,,,,,,,,,,,,,,,16,12,5,66,26,11,,,,,,,,,,,,,,,,,,,,,16,12,5,66,26,11,,,,,,,,,,,,,,,,,,,,,680a30e7b84edfb3697c8a96,680a30e7b84edfb3697c8a97,680a30e7b84edfb3697c8a98,680a30e7b84edfb3697c8a99,680a30e7b84edfb3697c8a9a,680a30e7b84edfb3697c8a9b,,,,,,,,,,,,,,,,,,,,,Finalizado,0,,2025-04-25T12:30:57.037Z,2025-04-24T12:37:10.600Z,,,,,,,,,,,,,,,,,,,,,
680a3164b84edfb3697c8b88,THINNER,660da6d11da388a666db73f6,,,,,,,,,,,,,,,,,,,,,,,,,,true,,,,,,,,,,,,,,,,,,,,,,,,,,2,,,,,,,,,,,,,,,,,,,,,,,,,,2,,,,,,,,,,,,,,,,,,,,,,,,,,680a3164b84edfb3697c8b89,,,,,,,,,,,,,,,,,,,,,,,,,,Finalizado,0,,2025-04-25T12:30:57.218Z,2025-04-24T12:40:50.359Z,,,,,,,,,,,,,,,,,,,,,
680a8c56b84edfb3697f02da,ManutenÃ§Ã£o Compressor,680a8bccb84edfb3697f0261,680a8c34b84edfb3697f027b,680a8bedb84edfb3697f0269,,,,,,,,,,,,,,,,,,,,,,,,true,true,true,,,,,,,,,,,,,,,,,,,,,,,,1,1,1,,,,,,,,,,,,,,,,,,,,,,,,1,1,1,,,,,,,,,,,,,,,,,,,,,,,,680a8c56b84edfb3697f02db,680a8c56b84edfb3697f02dc,680a8c56b84edfb3697f02dd,,,,,,,,,,,,,,,,,,,,,,,,Finalizado,0,,2025-04-25T18:50:45.706Z,2025-04-24T19:08:38.025Z,,,,,,,,,,,,,,,,,,,,,
680bd9f2b84edfb369835adb,ESPÃTULA,65e87b68cb7a1ff3d9a82496,,,,,,,,,,,,,,,,,,,,,,,,,,true,,,,,,,,,,,,,,,,,,,,,,,,,,100,,,,,,,,,,,,,,,,,,,,,,,,,,100,,,,,,,,,,,,,,,,,,,,,,,,,,680bd9f2b84edfb369835adc,,,,,,,,,,,,,,,,,,,,,,,,,,Finalizado,0,,2025-06-06T13:26:35.462Z,2025-04-25T18:52:09.993Z,,,,,,,,,,,,,,,,,,,,,
681dff42b84edfb369ac21e2,THINNER,660da6d11da388a666db73f6,,,,,,,,,,,,,,,,,,,,,,,,,,true,,,,,,,,,,,,,,,,,,,,,,,,,,2,,,,,,,,,,,,,,,,,,,,,,,,,,2,,,,,,,,,,,,,,,,,,,,,,,,,,681dff42b84edfb369ac21e3,,,,,,,,,,,,,,,,,,,,,,,,,,Finalizado,0,,2025-05-14T17:02:24.490Z,2025-05-09T11:49:19.733Z,,,,,,,,,,,,,,,,,,,,,
68224572b84edfb369c8ec30,VERNIZ/ENDURECEDOR,65e87b6acb7a1ff3d9a824ec,65e87b6ccb7a1ff3d9a82596,666c8e319f14eab9a6d4db7f,,,,,,,,,,,,,,,,,,,,,,,,true,true,true,,,,,,,,,,,,,,,,,,,,,,,,24,44,168,,,,,,,,,,,,,,,,,,,,,,,,24,44,168,,,,,,,,,,,,,,,,,,,,,,,,68224572b84edfb369c8ec31,68224572b84edfb369c8ec32,68224572b84edfb369c8ec33,,,,,,,,,,,,,,,,,,,,,,,,Finalizado,0,,2025-05-23T11:48:45.551Z,2025-05-12T18:57:02.688Z,,,,,,,,,,,,,,,,,,,,,
682b91ef864e55cc094b5804,THINNER,660da6d11da388a666db73f6,,,,,,,,,,,,,,,,,,,,,,,,,,false,,,,,,,,,,,,,,,,,,,,,,,,,,2,,,,,,,,,,,,,,,,,,,,,,,,,,2,,,,,,,,,,,,,,,,,,,,,,,,,,682b91ef864e55cc094b5805,,,,,,,,,,,,,,,,,,,,,,,,,,Finalizado,0,,2025-05-23T11:48:45.739Z,2025-05-19T20:17:33.343Z,,,,,,,,,,,,,,,,,,,,,
682e0b10864e55cc095ce73d,DILUENTES / DESENGRAXANTE,65e87b69cb7a1ff3d9a824c0,65e87b69cb7a1ff3d9a824ca,,,,,,,,,,,,,,,,,,,,,,,,,true,true,,,,,,,,,,,,,,,,,,,,,,,,,84,180,,,,,,,,,,,,,,,,,,,,,,,,,84,180,,,,,,,,,,,,,,,,,,,,,,,,,682e0b10864e55cc095ce73e,682e0b10864e55cc095ce73f,,,,,,,,,,,,,,,,,,,,,,,,,Finalizado,0,,2025-06-02T12:31:39.823Z,2025-05-21T17:17:34.325Z,,,,,,,,,,,,,,,,,,,,,
682e1391864e55cc095d8c48,ESTILETE,682e0e4b864e55cc095d2060,,,,,,,,,,,,,,,,,,,,,,,,,,true,,,,,,,,,,,,,,,,,,,,,,,,,,80,,,,,,,,,,,,,,,,,,,,,,,,,,80,,,,,,,,,,,,,,,,,,,,,,,,,,682e1391864e55cc095d8c49,,,,,,,,,,,,,,,,,,,,,,,,,,Finalizado,0,,2025-06-02T20:54:41.405Z,2025-05-21T17:55:18.385Z,,,,,,,,,,,,,,,,,,,,,
68346967864e55cc09787fde,Intercap,65e87b6acb7a1ff3d9a82502,,,,,,,,,,,,,,,,,,,,,,,,,,true,,,,,,,,,,,,,,,,,,,,,,,,,,200,,,,,,,,,,,,,,,,,,,,,,,,,,200,,,,,,,,,,,,,,,,,,,,,,,,,,68346967864e55cc09787fdf,,,,,,,,,,,,,,,,,,,,,,,,,,Finalizado,0,,2025-05-26T13:15:51.171Z,2025-05-26T13:15:02.876Z,,,,,,,,,,,,,,,,,,,,,
6836194a864e55cc097f3667,THINNER,660da6d11da388a666db73f6,,,,,,,,,,,,,,,,,,,,,,,,,,true,,,,,,,,,,,,,,,,,,,,,,,,,,2,,,,,,,,,,,,,,,,,,,,,,,,,,2,,,,,,,,,,,,,,,,,,,,,,,,,,6836194a864e55cc097f3668,,,,,,,,,,,,,,,,,,,,,,,,,,Finalizado,0,,2025-06-05T18:35:13.232Z,2025-05-27T19:57:46.934Z,,,,,,,,,,,,,,,,,,,,,
683f3622864e55cc0999c393,PRETO CHASSIS,666315ff29953840aa6e68a6,,,,,,,,,,,,,,,,,,,,,,,,,,true,,,,,,,,,,,,,,,,,,,,,,,,,,20,,,,,,,,,,,,,,,,,,,,,,,,,,20,,,,,,,,,,,,,,,,,,,,,,,,,,683f3622864e55cc0999c394,,,,,,,,,,,,,,,,,,,,,,,,,,Finalizado,0,,2025-06-16T11:33:30.310Z,2025-06-03T17:50:48.114Z,,,,,,,,,,,,,,,,,,,,,
683f38c3864e55cc0999e3cb,PIGMENTOS,65e87b69cb7a1ff3d9a824ce,65e87b69cb7a1ff3d9a824ea,65e87b69cb7a1ff3d9a824d0,662a7f23b2a5c05f0ccfaaef,662287df995b20f4fcc4f3d4,65ea0f9b88af5449465bf508,6628112cb51173de0ebda815,65eef5c2c6ade12d4088a291,660da5722fd6df2c5cc9e6be,664b9fcc141b36233cc19115,664ba52c141b36233cc192c7,664ba583141b36233cc192cc,,,,,,,,,,,,,,,true,true,true,true,true,true,true,true,true,true,true,true,,,,,,,,,,,,,,,2,12,4,2,2,4,2,12,4,4,4,4,,,,,,,,,,,,,,,2,12,4,2,2,4,2,12,4,4,4,4,,,,,,,,,,,,,,,683f38c3864e55cc0999e3cc,683f38c3864e55cc0999e3cd,683f38c3864e55cc0999e3ce,683f38c3864e55cc0999e3cf,683f38c3864e55cc0999e3d0,683f38c3864e55cc0999e3d1,683f38c3864e55cc0999e3d2,683f38c3864e55cc0999e3d3,683f38c3864e55cc0999e3d4,683f38c3864e55cc0999e3d5,683f38c3864e55cc0999e3d6,683f38c3864e55cc0999e3d7,,,,,,,,,,,,,,,Finalizado,0,,2025-06-18T17:21:56.693Z,2025-06-03T17:52:44.146Z,,,,,,,,,,,,,,,,,,,,,
6841d2db3fd3e906e715b395,PAPEL,66f2a590d69ba29408dcf2a2,,,,,,,,,,,,,,,,,,,,,,,,,,true,,,,,,,,,,,,,,,,,,,,,,,,,,1000,,,,,,,,,,,,,,,,,,,,,,,,,,1000,,,,,,,,,,,,,,,,,,,,,,,,,,6841d2db3fd3e906e715b396,,,,,,,,,,,,,,,,,,,,,,,,,,Finalizado,0,,2025-09-24T14:43:40.310Z,2025-06-05T17:24:12.091Z,,,,,,,,,,,,,,,,,,,,,
6841d3d73fd3e906e715c906,MASCARA,6686901871c5f018dd3d64a7,65e87b6acb7a1ff3d9a824fa,,,,,,,,,,,,,,,,,,,,,,,,,true,true,,,,,,,,,,,,,,,,,,,,,,,,,48,160,,,,,,,,,,,,,,,,,,,,,,,,,48,160,,,,,,,,,,,,,,,,,,,,,,,,,6841d3d73fd3e906e715c907,6841d3d73fd3e906e715c908,,,,,,,,,,,,,,,,,,,,,,,,,Finalizado,0,,2025-06-20T13:17:22.056Z,2025-06-05T17:28:17.028Z,,,,,,,,,,,,,,,,,,,,,
6841e37e3fd3e906e71681b1,THINNER,660da6d11da388a666db73f6,,,,,,,,,,,,,,,,,,,,,,,,,,true,,,,,,,,,,,,,,,,,,,,,,,,,,2,,,,,,,,,,,,,,,,,,,,,,,,,,2,,,,,,,,,,,,,,,,,,,,,,,,,,6841e37e3fd3e906e71681b2,,,,,,,,,,,,,,,,,,,,,,,,,,Finalizado,0,,2025-06-10T16:48:32.737Z,2025-06-05T18:35:24.056Z,,,,,,,,,,,,,,,,,,,,,
684978292325917ba7f68a82,VERNIZ ACRILICO / ENDURECEDOR,65e87b6ccb7a1ff3d9a82596,666c8e319f14eab9a6d4db7f,,,,,,,,,,,,,,,,,,,,,,,,,true,true,,,,,,,,,,,,,,,,,,,,,,,,,62,204,,,,,,,,,,,,,,,,,,,,,,,,,62,204,,,,,,,,,,,,,,,,,,,,,,,,,684978292325917ba7f68a83,684978292325917ba7f68a84,,,,,,,,,,,,,,,,,,,,,,,,,Finalizado,0,,2025-06-30T18:53:57.932Z,2025-06-11T12:33:40.440Z,,,,,,,,,,,,,,,,,,,,,
6849dcc22325917ba7fb8680,ExtensÃ£o,6849dcaa2325917ba7fb8621,,,,,,,,,,,,,,,,,,,,,,,,,,true,,,,,,,,,,,,,,,,,,,,,,,,,,8,,,,,,,,,,,,,,,,,,,,,,,,,,8,,,,,,,,,,,,,,,,,,,,,,,,,,6849dcc22325917ba7fb8681,,,,,,,,,,,,,,,,,,,,,,,,,,Finalizado,0,,2025-06-11T19:45:23.857Z,2025-06-11T19:44:54.933Z,,,,,,,,,,,,,,,,,,,,,
6849e1b22325917ba7fb9f0b,CARTUCHO 3M,66a29f1baf9e4dcbc1721d1f,,,,,,,,,,,,,,,,,,,,,,,,,,true,,,,,,,,,,,,,,,,,,,,,,,,,,12,,,,,,,,,,,,,,,,,,,,,,,,,,12,,,,,,,,,,,,,,,,,,,,,,,,,,6849e1b22325917ba7fb9f0c,,,,,,,,,,,,,,,,,,,,,,,,,,Finalizado,0,,2025-06-16T13:44:05.111Z,2025-06-11T20:05:54.377Z,,,,,,,,,,,,,,,,,,,,,
685007b92325917ba70537c0,THINNER 16-06,660da6d11da388a666db73f6,,,,,,,,,,,,,,,,,,,,,,,,,,true,,,,,,,,,,,,,,,,,,,,,,,,,,2,,,,,,,,,,,,,,,,,,,,,,,,,,2,,,,,,,,,,,,,,,,,,,,,,,,,,685007b92325917ba70537c1,,,,,,,,,,,,,,,,,,,,,,,,,,Finalizado,0,,2025-06-24T18:11:59.203Z,2025-06-16T12:01:29.857Z,,,,,,,,,,,,,,,,,,,,,
6851657a2325917ba7095424,VINIL PRETO / JATEADO,66ec3573d69ba29408d814e4,663a6f49d98e2878d6fc6d19,,,,,,,,,,,,,,,,,,,,,,,,,true,true,,,,,,,,,,,,,,,,,,,,,,,,,10,5,,,,,,,,,,,,,,,,,,,,,,,,,10,5,,,,,,,,,,,,,,,,,,,,,,,,,6851657a2325917ba7095425,6851657a2325917ba7095426,,,,,,,,,,,,,,,,,,,,,,,,,Finalizado,0,,2025-06-18T17:30:23.202Z,2025-06-17T12:53:40.635Z,,,,,,,,,,,,,,,,,,,,,
6851b5142325917ba70a7a19,BASES,66015136454b098035e4124a,65e87b69cb7a1ff3d9a824e4,65d4801aad922a23eb762489,65e9ffd93766f39fe76fb94d,65eef6bea888e47e817333ef,65ea0c76caee68804da3dfb8,,,,,,,,,,,,,,,,,,,,,true,true,true,true,true,true,,,,,,,,,,,,,,,,,,,,,12,44,100,12,12,6,,,,,,,,,,,,,,,,,,,,,12,44,100,12,12,6,,,,,,,,,,,,,,,,,,,,,6851b5142325917ba70a7a1a,6851b5142325917ba70a7a1b,6851b5142325917ba70a7a1c,6851b5142325917ba70a7a1d,6851b5142325917ba70a7a1e,685305f12325917ba70e46ad,,,,,,,,,,,,,,,,,,,,,Finalizado,0,,2025-07-21T14:30:46.887Z,2025-06-17T18:32:10.692Z,,,,,,,,,,,,,,,,,,,,,
685a9b07059b88ed28a93dc8,THINNER,660da6d11da388a666db73f6,,,,,,,,,,,,,,,,,,,,,,,,,,true,,,,,,,,,,,,,,,,,,,,,,,,,,2,,,,,,,,,,,,,,,,,,,,,,,,,,2,,,,,,,,,,,,,,,,,,,,,,,,,,685a9b07059b88ed28a93dc9,,,,,,,,,,,,,,,,,,,,,,,,,,Finalizado,0,,2025-06-25T19:30:46.793Z,2025-06-24T12:32:48.320Z,,,,,,,,,,,,,,,,,,,,,
6863db19059b88ed28ffc59e,THINNER 01/07,660da6d11da388a666db73f6,,,,,,,,,,,,,,,,,,,,,,,,,,false,,,,,,,,,,,,,,,,,,,,,,,,,,2,,,,,,,,,,,,,,,,,,,,,,,,,,2,,,,,,,,,,,,,,,,,,,,,,,,,,6863db19059b88ed28ffc59f,,,,,,,,,,,,,,,,,,,,,,,,,,Finalizado,0,,2025-07-07T14:52:57.887Z,2025-07-01T12:56:24.618Z,,,,,,,,,,,,,,,,,,,,,
6863dbf2059b88ed28ffd39f,RONALDO,662287df995b20f4fcc4f3d4,65ea0d1f88af5449465bf4dc,65f8213606bf9ed72aefbd4f,,,,,,,,,,,,,,,,,,,,,,,,true,true,true,,,,,,,,,,,,,,,,,,,,,,,,1,2,3,,,,,,,,,,,,,,,,,,,,,,,,1,2,3,,,,,,,,,,,,,,,,,,,,,,,,6863dbf2059b88ed28ffd3a0,6863dbf2059b88ed28ffd3a1,6863dbf2059b88ed28ffd3a2,,,,,,,,,,,,,,,,,,,,,,,,Finalizado,0,,2025-07-16T19:51:00.046Z,2025-07-01T12:57:22.806Z,,,,,,,,,,,,,,,,,,,,,
6863dce5059b88ed28ffe35f,REMOVEDOR,65e87b69cb7a1ff3d9a824c6,,,,,,,,,,,,,,,,,,,,,,,,,,true,,,,,,,,,,,,,,,,,,,,,,,,,,16,,,,,,,,,,,,,,,,,,,,,,,,,,16,,,,,,,,,,,,,,,,,,,,,,,,,,6863dce5059b88ed28ffe360,,,,,,,,,,,,,,,,,,,,,,,,,,Finalizado,0,,2025-07-08T20:35:42.449Z,2025-07-01T13:04:01.535Z,,,,,,,,,,,,,,,,,,,,,
68642dbc059b88ed280259b8,REFORMA FARBEN,65e87b6acb7a1ff3d9a824fe,67090718607ddce94ccf900e,66f469725ba08fb3b6cf6e63,66f469be5ba08fb3b6cf6e6a,,,,,,,,,,,,,,,,,,,,,,,true,true,true,true,,,,,,,,,,,,,,,,,,,,,,,12,12,8,24,,,,,,,,,,,,,,,,,,,,,,,12,12,8,24,,,,,,,,,,,,,,,,,,,,,,,68642dbc059b88ed280259b9,68642dbc059b88ed280259ba,68642dbc059b88ed280259bb,68642dbc059b88ed280259bc,,,,,,,,,,,,,,,,,,,,,,,Finalizado,0,,2025-07-29T13:59:31.294Z,2025-07-01T18:46:18.345Z,,,,,,,,,,,,,,,,,,,,,
6866afe8059b88ed281a2ab9,SIKAFLEX,6797ca97fe42c8b0f0c4b501,6797cac1fe42c8b0f0c4b5bb,,,,,,,,,,,,,,,,,,,,,,,,,false,false,,,,,,,,,,,,,,,,,,,,,,,,,72,12,,,,,,,,,,,,,,,,,,,,,,,,,72,12,,,,,,,,,,,,,,,,,,,,,,,,,6866afe8059b88ed281a2aba,6866afe8059b88ed281a2abb,,,,,,,,,,,,,,,,,,,,,,,,,Finalizado,0,,2025-07-11T14:29:40.761Z,2025-07-03T16:28:52.379Z,,,,,,,,,,,,,,,,,,,,,
686d6562059b88ed28539c32,VERNIZES / ENDURECEDOR,666c8e319f14eab9a6d4db7f,65e87b6acb7a1ff3d9a824ec,65e87b6ccb7a1ff3d9a82596,,,,,,,,,,,,,,,,,,,,,,,,true,true,true,,,,,,,,,,,,,,,,,,,,,,,,288,36,80,,,,,,,,,,,,,,,,,,,,,,,,288,36,80,,,,,,,,,,,,,,,,,,,,,,,,686d6562059b88ed28539c33,686d6562059b88ed28539c34,686d6562059b88ed28539c35,,,,,,,,,,,,,,,,,,,,,,,,Finalizado,0,,2025-07-21T14:36:06.153Z,2025-07-08T18:35:02.266Z,,,,,,,,,,,,,,,,,,,,,
686d73c7059b88ed28543165,DESENGRAXANTE,65e87b69cb7a1ff3d9a824ca,,,,,,,,,,,,,,,,,,,,,,,,,,true,,,,,,,,,,,,,,,,,,,,,,,,,,432,,,,,,,,,,,,,,,,,,,,,,,,,,432,,,,,,,,,,,,,,,,,,,,,,,,,,686d73c7059b88ed28543166,,,,,,,,,,,,,,,,,,,,,,,,,,Finalizado,0,,2025-07-08T20:35:43.340Z,2025-07-08T19:38:35.179Z,,,,,,,,,,,,,,,,,,,,,
686d73df059b88ed2854321e,DILUENTE,65e87b69cb7a1ff3d9a824c0,,,,,,,,,,,,,,,,,,,,,,,,,,true,,,,,,,,,,,,,,,,,,,,,,,,,,100,,,,,,,,,,,,,,,,,,,,,,,,,,100,,,,,,,,,,,,,,,,,,,,,,,,,,686d73df059b88ed2854321f,,,,,,,,,,,,,,,,,,,,,,,,,,Finalizado,0,,2025-07-08T20:35:43.519Z,2025-07-08T19:39:00.624Z,,,,,,,,,,,,,,,,,,,,,
68764ee0059b88ed287dd2d3,PRETO SHASSIS,666315ff29953840aa6e68a6,,,,,,,,,,,,,,,,,,,,,,,,,,true,,,,,,,,,,,,,,,,,,,,,,,,,,20,,,,,,,,,,,,,,,,,,,,,,,,,,20,,,,,,,,,,,,,,,,,,,,,,,,,,68764ee0059b88ed287dd2d4,,,,,,,,,,,,,,,,,,,,,,,,,,Finalizado,0,,2025-07-21T14:30:47.616Z,2025-07-15T12:51:33.030Z,,,,,,,,,,,,,,,,,,,,,
6878dfb2059b88ed28967ffe,BASE FARBEN,66015136454b098035e4124a,65e87b69cb7a1ff3d9a824e4,65d4801aad922a23eb762489,65e9ffd93766f39fe76fb94d,65eef6bea888e47e817333ef,,,,,,,,,,,,,,,,,,,,,,true,true,true,true,true,,,,,,,,,,,,,,,,,,,,,,8,36,100,28,28,,,,,,,,,,,,,,,,,,,,,,8,36,100,28,28,,,,,,,,,,,,,,,,,,,,,,6878dfb2059b88ed28967fff,6878dfb2059b88ed28968000,6878dfb2059b88ed28968001,6878dfb2059b88ed28968002,6878dfb2059b88ed28968003,,,,,,,,,,,,,,,,,,,,,,Finalizado,0,,2025-08-08T20:15:44.066Z,2025-07-17T11:31:06.155Z,,,,,,,,,,,,,,,,,,,,,
687aa5f2059b88ed28a4e23c,THINNER 18-07,660da6d11da388a666db73f6,,,,,,,,,,,,,,,,,,,,,,,,,,true,,,,,,,,,,,,,,,,,,,,,,,,,,2,,,,,,,,,,,,,,,,,,,,,,,,,,2,,,,,,,,,,,,,,,,,,,,,,,,,,687aa5f2059b88ed28a4e23d,,,,,,,,,,,,,,,,,,,,,,,,,,Finalizado,0,,2025-07-22T17:53:05.728Z,2025-07-18T19:53:23.350Z,,,,,,,,,,,,,,,,,,,,,
689a1aef059b88ed28580859,PIGMENTOS AC,65e87b69cb7a1ff3d9a824ce,65e87b69cb7a1ff3d9a824ea,65e87b69cb7a1ff3d9a824d0,65e87b69cb7a1ff3d9a824d2,65e87b69cb7a1ff3d9a824dc,,,,,,,,,,,,,,,,,,,,,,true,true,true,true,true,,,,,,,,,,,,,,,,,,,,,,8,16,8,12,8,,,,,,,,,,,,,,,,,,,,,,8,16,8,12,8,,,,,,,,,,,,,,,,,,,,,,689a1aef059b88ed2858085a,689a1aef059b88ed2858085b,689a1aef059b88ed2858085c,689a1aef059b88ed2858085d,689a1aef059b88ed2858085e,,,,,,,,,,,,,,,,,,,,,,Finalizado,0,,2025-08-19T21:05:27.282Z,2025-08-11T16:29:47.215Z,,,,,,,,,,,,,,,,,,,,,
689d0319059b88ed2866fb59,thinner,660da6d11da388a666db73f6,,,,,,,,,,,,,,,,,,,,,,,,,,true,,,,,,,,,,,,,,,,,,,,,,,,,,3,,,,,,,,,,,,,,,,,,,,,,,,,,3,,,,,,,,,,,,,,,,,,,,,,,,,,689d0319059b88ed2866fb5a,,,,,,,,,,,,,,,,,,,,,,,,,,Finalizado,0,,2025-08-19T20:20:31.187Z,2025-08-13T21:26:26.707Z,,,,,,,,,,,,,,,,,,,,,
68a7235d059b88ed288b8b55,VERNIZ / ENDURECEDOR / DILUENTE,65e87b6acb7a1ff3d9a824ec,65e87b6ccb7a1ff3d9a82596,65e87b69cb7a1ff3d9a824c0,65e87b69cb7a1ff3d9a824ca,666c8e319f14eab9a6d4db7f,,,,,,,,,,,,,,,,,,,,,,true,true,true,true,true,,,,,,,,,,,,,,,,,,,,,,24,60,120,144,240,,,,,,,,,,,,,,,,,,,,,,24,60,120,144,240,,,,,,,,,,,,,,,,,,,,,,68a7235d059b88ed288b8b56,68a7235d059b88ed288b8b57,68a7235d059b88ed288b8b58,68a7235d059b88ed288b8b59,68a7235d059b88ed288b8b5a,,,,,,,,,,,,,,,,,,,,,,Finalizado,0,,2025-09-05T16:23:17.767Z,2025-08-21T13:22:23.693Z,,,,,,,,,,,,,,,,,,,,,
68a87c59059b88ed2891cbfb,THINNER,660da6d11da388a666db73f6,,,,,,,,,,,,,,,,,,,,,,,,,,false,,,,,,,,,,,,,,,,,,,,,,,,,,1,,,,,,,,,,,,,,,,,,,,,,,,,,1,,,,,,,,,,,,,,,,,,,,,,,,,,68a87c59059b88ed2891cbfc,,,,,,,,,,,,,,,,,,,,,,,,,,Finalizado,0,,2025-08-25T18:49:30.050Z,2025-08-22T14:18:44.435Z,,,,,,,,,,,,,,,,,,,,,
68af64e9059b88ed28a5227c,thinner,660da6d11da388a666db73f6,,,,,,,,,,,,,,,,,,,,,,,,,,true,,,,,,,,,,,,,,,,,,,,,,,,,,1,,,,,,,,,,,,,,,,,,,,,,,,,,1,,,,,,,,,,,,,,,,,,,,,,,,,,68af64e9059b88ed28a5227d,,,,,,,,,,,,,,,,,,,,,,,,,,Finalizado,0,,2025-09-01T10:57:53.430Z,2025-08-27T20:04:22.965Z,,,,,,,,,,,,,,,,,,,,,
68b99ffab130020c1ed3f3e4,THINNER,660da6d11da388a666db73f6,,,,,,,,,,,,,,,,,,,,,,,,,,true,,,,,,,,,,,,,,,,,,,,,,,,,,3,,,,,,,,,,,,,,,,,,,,,,,,,,3,,,,,,,,,,,,,,,,,,,,,,,,,,68b99ffab130020c1ed3f3e5,,,,,,,,,,,,,,,,,,,,,,,,,,Finalizado,0,,2025-09-08T19:54:08.859Z,2025-09-04T14:19:24.237Z,,,,,,,,,,,,,,,,,,,,,
68b9db0fb130020c1ed53f34,FITA CREPE AZUL,686d6f24059b88ed2853fa95,,,,,,,,,,,,,,,,,,,,,,,,,,true,,,,,,,,,,,,,,,,,,,,,,,,,,384,,,,,,,,,,,,,,,,,,,,,,,,,,384,,,,,,,,,,,,,,,,,,,,,,,,,,68b9db0fb130020c1ed53f35,,,,,,,,,,,,,,,,,,,,,,,,,,Finalizado,0,,2025-09-15T14:22:33.861Z,2025-09-04T19:52:14.915Z,,,,,,,,,,,,,,,,,,,,,
68b9db5db130020c1ed53ff0,VERNIZ FOSCO / SEMI FOSCO,6761e260fbdc4b7107181d9a,6761e211fbdc4b7107181a5e,,,,,,,,,,,,,,,,,,,,,,,,,true,true,,,,,,,,,,,,,,,,,,,,,,,,,12,12,,,,,,,,,,,,,,,,,,,,,,,,,12,12,,,,,,,,,,,,,,,,,,,,,,,,,68b9db5db130020c1ed53ff1,68b9db5db130020c1ed53ff2,,,,,,,,,,,,,,,,,,,,,,,,,Finalizado,0,,2025-10-06T14:53:19.188Z,2025-09-04T19:52:56.536Z,,,,,,,,,,,,,,,,,,,,,
68b9db96b130020c1ed540c1,PRETO FOSCO,666315ff29953840aa6e68a6,,,,,,,,,,,,,,,,,,,,,,,,,,true,,,,,,,,,,,,,,,,,,,,,,,,,,24,,,,,,,,,,,,,,,,,,,,,,,,,,24,,,,,,,,,,,,,,,,,,,,,,,,,,68b9db96b130020c1ed540c2,,,,,,,,,,,,,,,,,,,,,,,,,,Finalizado,0,,2025-09-29T19:52:20.437Z,2025-09-04T19:54:50.034Z,,,,,,,,,,,,,,,,,,,,,
68bad722b130020c1ed7b95a,CLEAR LACA,65d4801aad922a23eb762489,,,,,,,,,,,,,,,,,,,,,,,,,,true,,,,,,,,,,,,,,,,,,,,,,,,,,160,,,,,,,,,,,,,,,,,,,,,,,,,,160,,,,,,,,,,,,,,,,,,,,,,,,,,68bad722b130020c1ed7b95b,,,,,,,,,,,,,,,,,,,,,,,,,,Finalizado,0,,2025-09-15T14:22:34.398Z,2025-09-05T12:26:27.715Z,,,,,,,,,,,,,,,,,,,,,
68c1852958203fbafcb29059,THINNER,660da6d11da388a666db73f6,,,,,,,,,,,,,,,,,,,,,,,,,,false,,,,,,,,,,,,,,,,,,,,,,,,,,2,,,,,,,,,,,,,,,,,,,,,,,,,,2,,,,,,,,,,,,,,,,,,,,,,,,,,68c1852958203fbafcb2905a,,,,,,,,,,,,,,,,,,,,,,,,,,Finalizado,0,,2025-09-15T14:22:34.579Z,2025-09-10T13:57:37.763Z,,,,,,,,,,,,,,,,,,,,,
68cd3eb658203fbafcd560bb,PIGMENTOS,65e87b69cb7a1ff3d9a824cc,65e87b69cb7a1ff3d9a824ce,65e87b69cb7a1ff3d9a824ea,65e87b69cb7a1ff3d9a824d0,65e87b69cb7a1ff3d9a824d2,65e87b69cb7a1ff3d9a824da,65e87b69cb7a1ff3d9a824dc,65ea0d9588af5449465bf4e8,6620073ab18ad27a975a662b,65eef5c2c6ade12d4088a291,65e87b69cb7a1ff3d9a824d6,65ea01b0ccec70770504976a,65eef66bc6ade12d4088a2b6,65f81f8b21502206e1869fda,65f81fd221502206e1869fde,65f820b9ae3e279cf0b2a253,65ea0352ccec707705049770,660da6221da388a666db73b2,664ba52c141b36233cc192c7,65ea02c3fd35a7ec8989460d,65ea03c1e3fddb288cb30d87,65f8213606bf9ed72aefbd4f,,,,,true,true,true,true,true,true,true,true,true,true,true,true,true,true,true,true,true,true,true,true,true,true,,,,,2,4,8,2,2,8,8,4,8,8,4,8,2,4,8,4,4,4,4,4,4,4,,,,,2,4,8,2,2,8,8,4,8,8,4,8,2,0,8,4,4,4,4,4,4,4,,,,,68cd3eb658203fbafcd560bc,68cd3eb658203fbafcd560bd,68cd3eb658203fbafcd560be,68cd3eb658203fbafcd560bf,68cd3eb658203fbafcd560c0,68cd3eb658203fbafcd560c1,68cd3eb658203fbafcd560c2,68cd3eb658203fbafcd560c3,68cd3eb658203fbafcd560c4,68cd3eb658203fbafcd560c5,68cd3eb658203fbafcd560c6,68cd3eb658203fbafcd560c7,68cd3eb658203fbafcd560c8,68cd3eb658203fbafcd560c9,68cd3eb658203fbafcd560ca,68cd3eb658203fbafcd560cb,68cd3eb658203fbafcd560cc,68cd3eb658203fbafcd560cd,68cd3eb658203fbafcd560ce,68d14ba35e4696f7e43313ca,68d14ca85e4696f7e4331447,68d14ca85e4696f7e4331448,,,,,Ativo,0,,2025-10-06T14:50:47.975Z,2025-09-19T11:17:19.638Z,,,,,,,,,,,,,,,,,,,,,
68cd3f5c58203fbafcd57a8e,VERNIZ / ENDURECEDOR,65e87b6acb7a1ff3d9a824ec,65e87b6ccb7a1ff3d9a82596,666c8e319f14eab9a6d4db7f,,,,,,,,,,,,,,,,,,,,,,,,true,true,true,,,,,,,,,,,,,,,,,,,,,,,,64,80,300,,,,,,,,,,,,,,,,,,,,,,,,64,80,300,,,,,,,,,,,,,,,,,,,,,,,,68cd3f5c58203fbafcd57a8f,68cd3f5c58203fbafcd57a90,68cd3f5c58203fbafcd57a91,,,,,,,,,,,,,,,,,,,,,,,,Finalizado,0,,2025-10-16T19:02:56.482Z,2025-09-19T11:30:38.273Z,,,,,,,,,,,,,,,,,,,,,
68d149825e4696f7e43305e7,THINNER,660da6d11da388a666db73f6,,,,,,,,,,,,,,,,,,,,,,,,,,true,,,,,,,,,,,,,,,,,,,,,,,,,,2,,,,,,,,,,,,,,,,,,,,,,,,,,2,,,,,,,,,,,,,,,,,,,,,,,,,,68d149825e4696f7e43305e8,,,,,,,,,,,,,,,,,,,,,,,,,,Finalizado,0,,2025-09-24T14:44:42.358Z,2025-09-22T13:04:48.446Z,,,,,,,,,,,,,,,,,,,,,
68dd353a07ea6dd4df9b16c4,THINNER,660da6d11da388a666db73f6,,,,,,,,,,,,,,,,,,,,,,,,,,false,,,,,,,,,,,,,,,,,,,,,,,,,,2,,,,,,,,,,,,,,,,,,,,,,,,,,2,,,,,,,,,,,,,,,,,,,,,,,,,,68dd353a07ea6dd4df9b16c5,,,,,,,,,,,,,,,,,,,,,,,,,,Finalizado,0,,2025-10-02T14:24:17.844Z,2025-10-01T14:05:25.738Z,,,,,,,,,,,,,,,,,,,,,
68e6a00d610e04d1f2f18031,DESENGRAXANTE / DILUENTE,65e87b69cb7a1ff3d9a824ca,65e87b69cb7a1ff3d9a824c0,,,,,,,,,,,,,,,,,,,,,,,,,false,false,,,,,,,,,,,,,,,,,,,,,,,,,336,128,,,,,,,,,,,,,,,,,,,,,,,,,336,128,,,,,,,,,,,,,,,,,,,,,,,,,68e6a00d610e04d1f2f18032,68e6a00d610e04d1f2f18033,,,,,,,,,,,,,,,,,,,,,,,,,Finalizado,0,,2025-10-20T11:58:07.599Z,2025-10-08T17:30:04.499Z,,,,,,,,,,,,,,,,,,,,,
68e6a0f5610e04d1f2f18417,BASES,66015136454b098035e4124a,65e87b69cb7a1ff3d9a824e4,65d4801aad922a23eb762489,65e9ffd93766f39fe76fb94d,65eef6bea888e47e817333ef,65eef727447ccdec47ac0b0d,,,,,,,,,,,,,,,,,,,,,true,true,true,true,true,true,,,,,,,,,,,,,,,,,,,,,40,40,92,12,12,8,,,,,,,,,,,,,,,,,,,,,0,24,56,0,0,0,,,,,,,,,,,,,,,,,,,,,68e6a0f5610e04d1f2f18418,68e6a0f5610e04d1f2f18419,68e6a0f5610e04d1f2f1841a,68e6a0f5610e04d1f2f1841b,68e6a0f5610e04d1f2f1841c,68e6a0f5610e04d1f2f1841d,,,,,,,,,,,,,,,,,,,,,Ativo,0,,2025-11-21T16:49:53.966Z,2025-10-08T17:32:19.545Z,,,,,,,,,,,,,,,,,,,,,
68e949a2610e04d1f2fca4aa,THINNER,660da6d11da388a666db73f6,,,,,,,,,,,,,,,,,,,,,,,,,,false,,,,,,,,,,,,,,,,,,,,,,,,,,1,,,,,,,,,,,,,,,,,,,,,,,,,,1,,,,,,,,,,,,,,,,,,,,,,,,,,68e949a2610e04d1f2fca4ab,,,,,,,,,,,,,,,,,,,,,,,,,,Finalizado,0,,2025-10-13T19:22:56.275Z,2025-10-10T17:59:44.794Z,,,,,,,,,,,,,,,,,,,,,
68f2849c674e26ada79f3516,THINNER,660da6d11da388a666db73f6,,,,,,,,,,,,,,,,,,,,,,,,,,true,,,,,,,,,,,,,,,,,,,,,,,,,,2,,,,,,,,,,,,,,,,,,,,,,,,,,2,,,,,,,,,,,,,,,,,,,,,,,,,,68f2849c674e26ada79f3517,,,,,,,,,,,,,,,,,,,,,,,,,,Finalizado,0,,2025-11-12T16:40:16.044Z,2025-10-17T18:01:50.922Z,,,,,,,,,,,,,,,,,,,,,
68f642ea674e26ada7a59b1b,PIGMENTOS,68f6417b674e26ada7a577a6,68f64318674e26ada7a59cb2,,,,,,,,,,,,,,,,,,,,,,,,,true,true,,,,,,,,,,,,,,,,,,,,,,,,,3,1,,,,,,,,,,,,,,,,,,,,,,,,,0,0,,,,,,,,,,,,,,,,,,,,,,,,,68f642ea674e26ada7a59b1c,68f64339674e26ada7a59d95,,,,,,,,,,,,,,,,,,,,,,,,,Ativo,0,,2025-11-13T17:26:27.899Z,2025-10-20T14:08:54.810Z,,,,,,,,,,,,,,,,,,,,,
68fa8404674e26ada7b6b06a,THINNER,660da6d11da388a666db73f6,,,,,,,,,,,,,,,,,,,,,,,,,,true,,,,,,,,,,,,,,,,,,,,,,,,,,2,,,,,,,,,,,,,,,,,,,,,,,,,,2,,,,,,,,,,,,,,,,,,,,,,,,,,68fa8404674e26ada7b6b06b,,,,,,,,,,,,,,,,,,,,,,,,,,Finalizado,0,,2025-11-21T16:48:32.916Z,2025-10-23T19:37:24.090Z,,,,,,,,,,,,,,,,,,,,,
69036fee347f4849fca57bb0,OUTROS FARBEN,65f980aa091f0f385e34562a,65e87b6acb7a1ff3d9a824fe,67090718607ddce94ccf900e,66f469725ba08fb3b6cf6e63,66f469be5ba08fb3b6cf6e6a,,,,,,,,,,,,,,,,,,,,,,true,true,true,true,true,,,,,,,,,,,,,,,,,,,,,,12,8,8,12,48,,,,,,,,,,,,,,,,,,,,,,12,0,8,12,48,,,,,,,,,,,,,,,,,,,,,,69036fee347f4849fca57bb1,69036fee347f4849fca57bb2,69036fee347f4849fca57bb3,69036fee347f4849fca57bb4,69036fee347f4849fca57bb5,,,,,,,,,,,,,,,,,,,,,,Ativo,0,,2025-11-18T17:58:19.685Z,2025-10-30T13:59:13.350Z,,,,,,,,,,,,,,,,,,,,,
691342c277701417245e967a,THINNER,660da6d11da388a666db73f6,,,,,,,,,,,,,,,,,,,,,,,,,,true,,,,,,,,,,,,,,,,,,,,,,,,,,2,,,,,,,,,,,,,,,,,,,,,,,,,,2,,,,,,,,,,,,,,,,,,,,,,,,,,691342c277701417245e967b,,,,,,,,,,,,,,,,,,,,,,,,,,Finalizado,0,,2025-12-01T19:02:30.665Z,2025-11-11T14:05:38.297Z,,,,,,,,,,,,,,,,,,,,,
6916146977701417246bc783,CLEAR,65d4801aad922a23eb762489,65e9ffd93766f39fe76fb94d,,,,,,,,,,,,,,,,,,,,,,,,,true,true,,,,,,,,,,,,,,,,,,,,,,,,,56,24,,,,,,,,,,,,,,,,,,,,,,,,,0,0,,,,,,,,,,,,,,,,,,,,,,,,,6916146977701417246bc784,6917461f7770141724705165,,,,,,,,,,,,,,,,,,,,,,,,,Ativo,0,,2025-11-19T18:48:35.515Z,2025-11-13T17:24:00.013Z,,,,,,,,,,,,,,,,,,,,,
6916149777701417246bc7e9,ENDURECEDOR,666c8e319f14eab9a6d4db7f,,,,,,,,,,,,,,,,,,,,,,,,,,true,,,,,,,,,,,,,,,,,,,,,,,,,,252,,,,,,,,,,,,,,,,,,,,,,,,,,0,,,,,,,,,,,,,,,,,,,,,,,,,,6916149777701417246bc7ea,,,,,,,,,,,,,,,,,,,,,,,,,,Ativo,0,,2025-11-19T18:48:39.203Z,2025-11-13T17:24:59.854Z,,,,,,,,,,,,,,,,,,,,,
691614b377701417246bc84a,DESENGRAXANTE,65e87b69cb7a1ff3d9a824ca,,,,,,,,,,,,,,,,,,,,,,,,,,true,,,,,,,,,,,,,,,,,,,,,,,,,,456,,,,,,,,,,,,,,,,,,,,,,,,,,0,,,,,,,,,,,,,,,,,,,,,,,,,,691614b377701417246bc84b,,,,,,,,,,,,,,,,,,,,,,,,,,Ativo,0,,2025-11-19T18:48:43.050Z,2025-11-13T17:25:44.989Z,,,,,,,,,,,,,,,,,,,,,
691dd0e4777014172484a693,THINNER,660da6d11da388a666db73f6,,,,,,,,,,,,,,,,,,,,,,,,,,true,,,,,,,,,,,,,,,,,,,,,,,,,,2,,,,,,,,,,,,,,,,,,,,,,,,,,2,,,,,,,,,,,,,,,,,,,,,,,,,,691dd0e5777014172484a694,,,,,,,,,,,,,,,,,,,,,,,,,,Finalizado,0,,2025-12-08T20:07:29.374Z,2025-11-19T14:14:24.333Z,,,,,,,,,,,,,,,,,,,,,
691dfd43777014172485a5dc,CLEARS,65eef6bea888e47e817333ef,65e9ffd93766f39fe76fb94d,,,,,,,,,,,,,,,,,,,,,,,,,true,true,,,,,,,,,,,,,,,,,,,,,,,,,32,32,,,,,,,,,,,,,,,,,,,,,,,,,0,0,,,,,,,,,,,,,,,,,,,,,,,,,691dfd43777014172485a5dd,691dfd43777014172485a5de,,,,,,,,,,,,,,,,,,,,,,,,,Ativo,0,,2025-11-19T18:48:54.216Z,2025-11-19T17:23:30.647Z,,,,,,,,,,,,,,,,,,,,,
691dfd6b777014172485a66e,VERNIZ / ENDURECEDOR,666c8e319f14eab9a6d4db7f,65e87b6ccb7a1ff3d9a82596,,,,,,,,,,,,,,,,,,,,,,,,,true,true,,,,,,,,,,,,,,,,,,,,,,,,,132,24,,,,,,,,,,,,,,,,,,,,,,,,,0,0,,,,,,,,,,,,,,,,,,,,,,,,,691dfd6b777014172485a66f,691dfd6b777014172485a670,,,,,,,,,,,,,,,,,,,,,,,,,Ativo,0,,2025-11-19T18:48:58.045Z,2025-11-19T17:24:21.277Z,,,,,,,,,,,,,,,,,,,,,
692d8480dc27ad1bf64b8723,THINNER,66ec3541d69ba29408d81405,,,,,,,,,,,,,,,,,,,,,,,,,,true,,,,,,,,,,,,,,,,,,,,,,,,,,2,,,,,,,,,,,,,,,,,,,,,,,,,,0,,,,,,,,,,,,,,,,,,,,,,,,,,692d8480dc27ad1bf64b8724,,,,,,,,,,,,,,,,,,,,,,,,,,Ativo,0,,2025-12-01T12:05:54.668Z,2025-12-01T12:05:00.653Z,,,,,,,,,,,,,,,,,,,,,
69332a5fdc27ad1bf66f5481,pedido novos pigmentos,69332964dc27ad1bf66f4545,69332935dc27ad1bf66f4518,693328ffdc27ad1bf66f4510,,,,,,,,,,,,,,,,,,,,,,,,true,true,true,,,,,,,,,,,,,,,,,,,,,,,,2,2,2,,,,,,,,,,,,,,,,,,,,,,,,0,0,0,,,,,,,,,,,,,,,,,,,,,,,,69332a5fdc27ad1bf66f5482,69332a5fdc27ad1bf66f5483,69332a5fdc27ad1bf66f5484,,,,,,,,,,,,,,,,,,,,,,,,Ativo,0,,2025-12-05T19:25:30.710Z,2025-12-05T18:52:41.695Z,,,,,,,,,,,,,,,,,,,,,
6933316bdc27ad1bf66fafe6,thinner,660da6d11da388a666db73f6,,,,,,,,,,,,,,,,,,,,,,,,,,false,,,,,,,,,,,,,,,,,,,,,,,,,,2,,,,,,,,,,,,,,,,,,,,,,,,,,0,,,,,,,,,,,,,,,,,,,,,,,,,,6933316bdc27ad1bf66fafe7,,,,,,,,,,,,,,,,,,,,,,,,,,Ativo,0,,2025-12-05T19:24:14.896Z,2025-12-05T19:24:14.896Z,,,,,,,,,,,,,,,,,,,,,
